Handle,Title,Body (HTML),Vendor,Type,Tags,Published,Option1 Name,Option1 Value,Variant SKU,Variant Grams,Variant Inventory Tracker,Variant Inventory Qty,Variant Inventory Policy,Variant Fulfillment Service,Variant Price,Variant Requires Shipping,Variant Taxable,Image Src,Image Position,Image Alt Text,Gift Card,Status
mula-arts-aston-martin-valkyrie-1-8,Aston Martin Valkyrie 1/8 - British Green,<p><strong>Collectibles</strong> — premium scale model for display and collection.</p> <ul> <li>Brand: Aston Martin</li> <li>Model: Valkyrie</li> <li>Scale: 1/8</li> <li>Color: British Green</li> </ul> <p><br></p>,Collectibles,Scale Model / Art Piece,"brand_collectibles, car_aston_martin, category_collectibles, condition_new, install_available, pricing_buy_now",TRUE,Title,Default Title,R1 100 04,0,shopify,4,deny,manual,19900.00,TRUE,TRUE,https://cdn.shopify.com/s/files/1/0701/4472/0949/files/be661fe8-4700-4e24-93a5-f9a829cad7f8.jpg,1,Aston Martin Valkyrie 1/8 - British Green,FALSE,active
mula-arts-aston-martin-valkyrie-1-8,,,,,,,,,,,,,,,,,,https://cdn.shopify.com/s/files/1/0701/4472/0949/files/bba01c82-05a1-453e-97c5-594243370cf3.jpg,2,Aston Martin Valkyrie 1/8 - British Green,,
mula-arts-aston-martin-valkyrie-1-8,,,,,,,,,,,,,,,,,,https://cdn.shopify.com/s/files/1/0701/4472/0949/files/9d8a86c3-8f5e-4d97-9943-57ff24db49f8.jpg,3,Aston Martin Valkyrie 1/8 - British Green,,
novitec-esteso-widebody-kit-pu-rim-primed-for-painting-purosangue,ESTESO Widebody Conversion - Ferrari Purosangue - F1 666 00/ 83 - Novitec,"<h4>Description</h4> <p>The <strong>NOVITEC ESTESO Widebody Conversion</strong> for the Ferrari Purosangue transforms the vehicle with a significantly more aggressive and athletic presence. Expanding the body width for a more dominant stance, the ESTESO package enhances both visual impact and aerodynamic performance while maintaining precise OEM-level fitment.</p> <p>Designed specifically for the Purosangue, the widebody components are engineered for seamless integration and are available in two premium material options.</p> <h4>Compatibility</h4> <p>Ferrari Purosangue</p> <h4>Key Features</h4> <ul> <li> <p>Complete NOVITEC ESTESO widebody conversion</p> </li> <li> <p>Increased vehicle width for a more aggressive stance</p> </li> <li> <p>Enhanced aerodynamic performance and high-speed stability</p> </li> <li> <p>Precision-engineered for OEM-level fitment</p> </li> <li> <p>Available in PU-RIM (paintable) or Visible Carbon</p> </li> </ul> <h4>Available Versions</h4> <p><strong>PU-RIM (Paintable Version)</strong></p> <ul> <li> <p>All components manufactured from high-quality PU-RIM</p> </li> <li> <p>Designed for painting in vehicle body color or custom finish</p> </li> <li> <p>Perfect integration with factory body lines</p> </li> </ul> <p><strong>Visible Carbon Version</strong></p> <ul> <li> <p>Manufactured from exposed-structure carbon fiber</p> </li> <li> <p>Lightweight construction</p> </li> <li> <p>Motorsport-inspired appearance</p> </li> <li> <p>Premium high-gloss carbon finish</p> </li> </ul> <h4>Technical Details</h4> <ul> <li> <p>Manufacturer: NOVITEC</p> </li> <li> <p>Product Type: Widebody Conversion</p> </li> <li> <p>Model: ESTESO</p> </li> <li> <p>Material: PU-RIM or Visible Carbon (depending on selected variant)</p> </li> <li> <p>Fitment: Direct integration with factory body structure</p> </li> </ul> <h4>Installation</h4> <p>Professional installation and bodywork preparation are required.<br>Painting required for PU-RIM version.</p> <h4 data-e",Novitec,Aerodynamics,"brand_novitec, car_ferrari, category_aerodynamic, condition_new, install_available, model_purosangue, pricing_buy_now",TRUE,Variant,Ready for painting,F6 666 00,0,shopify,5,deny,manual,59900.00,TRUE,TRUE,https://cdn.shopify.com/s/files/1/0701/4472/0949/files/Screenshot2026-01-04at06.52.19_2a6620d4-9e1c-4e0f-880e-88d9239855cd.png,1,ESTESO Widebody Conversion - Ferrari Purosangue - F1 666 00/ 83 - Novitec,FALSE,active
novitec-esteso-widebody-kit-pu-rim-primed-for-painting-purosangue,,,,,,,,Visible Carbon,F6 666 83,0,shopify,4,deny,manual,89900.00,TRUE,TRUE,,,,,
novitec-esteso-widebody-kit-pu-rim-primed-for-painting-purosangue,,,,,,,,,,,,,,,,,,https://cdn.shopify.com/s/files/1/0701/4472/0949/files/Screenshot2026-01-04at06.53.53_0653184f-df62-47fc-b082-a85ea095193b.png,2,ESTESO Widebody Conversion - Ferrari Purosangue - F1 666 00/ 83 - Novitec,,
novitec-esteso-widebody-kit-pu-rim-primed-for-painting-purosangue,,,,,,,,,,,,,,,,,,https://cdn.shopify.com/s/files/1/0701/4472/0949/files/Screenshot_2026-01-15_at_00.39.14.png,3,ESTESO Widebody Conversion - Ferrari Purosangue - F1 666 00/ 83 - Novitec,,
novitec-esteso-engine-bonnet-primed-partial-visible-carbon-bonnet-insert-purosangue,ESTESO Engine Bonnet - Ferrari Purosangue - F1 666 80/ 81 - Novitec,"<h4>Description</h4> <p>The <strong>NOVITEC ESTESO Engine Bonnet</strong> for the Ferrari Purosangue enhances both visual presence and aerodynamic performance. Developed as part of the ESTESO widebody program, the bonnet features a more aggressive design while maintaining precise OEM-level fitment and seamless integration.</p> <p>Available in different material configurations, the bonnet combines lightweight construction with a refined motorsport-inspired appearance.</p> <h4>Compatibility</h4> <p>Ferrari Purosangue</p> <h4>Key Features</h4> <ul> <li> <p>NOVITEC ESTESO engine bonnet</p> </li> <li> <p>Enhanced aerodynamic styling</p> </li> <li> <p>Developed specifically for the Ferrari Purosangue</p> </li> <li> <p>Precision-engineered for OEM-level fitment</p> </li> <li> <p>Available in primed version or partial visible carbon</p> </li> </ul> <h4>Available Versions</h4> <p><strong>Primed for Painting / Partial Visible Carbon with Bonnet Insert</strong></p> <ul> <li> <p>Supplied primed for painting</p> </li> <li> <p>Partial exposed carbon elements</p> </li> <li> <p>Includes carbon bonnet insert</p> </li> </ul> <p><strong>Primed for Painting / Partial Visible Carbon</strong></p> <ul> <li> <p>Supplied primed for painting</p> </li> <li> <p>Partial exposed carbon elements</p> </li> <li> <p>Without separate bonnet insert</p> </li> </ul> <h4>Technical Details</h4> <ul> <li> <p>Manufacturer: NOVITEC</p> </li> <li> <p>Product Type: Engine Bonnet</p> </li> <li> <p>Program: ESTESO</p> </li> <li> <p>Material: Composite construction with visible carbon elements (depending on version)</p> </li> <li> <p>Finish: Primed for painting / Partial visible carbon</p> </li> </ul> <h4>Installation</h4> <p>Professional installation and paint preparation are required.</p> <h4>Part Numbers</h4> <p><strong>Primed / Partial Visible Carbon with Bonnet Insert</strong></p> <ul> <li> <p>F6 666 80</p> </li> </ul> <p da",Novitec,Aerodynamics,"brand_novitec, car_ferrari, category_aerodynamic, condition_new, install_available, model_purosangue, pricing_buy_now",TRUE,Variant,Ready for paint,F6 666 80,0,shopify,4,deny,manual,42900.00,TRUE,TRUE,https://cdn.shopify.com/s/files/1/0701/4472/0949/files/Screenshot2026-01-04at07.20.57.png,1,ESTESO Engine Bonnet - Ferrari Purosangue - F1 666 80/ 81 - Novitec,FALSE,active
novitec-esteso-engine-bonnet-primed-partial-visible-carbon-bonnet-insert-purosangue,,,,,,,,Visible Carbon,F6 666 81,0,shopify,5,deny,manual,48900.00,TRUE,TRUE,,,,,
novitec-esteso-engine-bonnet-primed-partial-visible-carbon-bonnet-insert-purosangue,,,,,,,,,,,,,,,,,,https://cdn.shopify.com/s/files/1/0701/4472/0949/files/Screenshot2026-01-04at07.21.29.png,2,ESTESO Engine Bonnet - Ferrari Purosangue - F1 666 80/ 81 - Novitec,,
novitec-esteso-engine-bonnet-primed-partial-visible-carbon-bonnet-insert-purosangue,,,,,,,,,,,,,,,,,,https://cdn.shopify.com/s/files/1/0701/4472/0949/files/Screenshot2026-01-04at07.22.04.png,3,ESTESO Engine Bonnet - Ferrari Purosangue - F1 666 80/ 81 - Novitec,,
novitec-race-exhaust-no-flap-ss-purosangue,Exhaust system RACE without flap regulation - Ferrari Purosangue - F1 666 10/ 20/ 30 - Novitec,"<h4>Description</h4> <p>The <strong>NOVITEC RACE Exhaust System without Flap Regulation</strong> for the Ferrari Purosangue is engineered to maximize exhaust flow and deliver an uncompromising, motorsport-inspired sound. Designed specifically for Ferrari’s naturally aspirated V12 engine, this system reduces backpressure and enhances performance while maintaining OEM-level fitment and long-term reliability.</p> <p>Available in multiple material configurations, each version offers a distinct balance of weight reduction, sound characteristics, and thermal efficiency.</p> <h4>Compatibility</h4> <p>Ferrari Purosangue</p> <h4>Key Features</h4> <ul> <li> <p>Power-optimized RACE exhaust system</p> </li> <li> <p>Non-valved configuration for a constant, aggressive exhaust note</p> </li> <li> <p>Improved exhaust flow and throttle response</p> </li> <li> <p>Developed specifically for the Ferrari Purosangue</p> </li> <li> <p>Direct replacement using factory mounting points</p> </li> <li> <p>Available in Stainless Steel, INCONEL, or Gold-Plated INCONEL</p> </li> </ul> <h4>Variants</h4> <h4>Stainless Steel</h4> <ul> <li> <p>Durable high-grade stainless steel construction</p> </li> <li> <p>Optimized performance and enhanced exhaust sound</p> </li> </ul> <h4>INCONEL</h4> <ul> <li> <p>Lightweight high-performance alloy</p> </li> <li> <p>Reduced overall system weight</p> </li> <li> <p>Sharper, motorsport-inspired exhaust tone</p> </li> </ul> <h4>Gold-Plated INCONEL</h4> <ul> <li> <p>Lightweight INCONEL construction</p> </li> <li> <p>Coated with 999 fine gold</p> </li> <li> <p>Significantly reduced heat radiation</p> </li> <li> <p>Maximum thermal efficiency and premium appearance</p> </li> </ul> <h4>Technical Details</h4> <ul> <li> <p>Manufacturer: NOVITEC</p> </li> <li> <p>Product Type: Exhaust System</p> </li> <li> <p>Version: RACE without flap regulation</p> </li> <li> <p>Heat Protection: Complete heat-protected system</p> </li> <li dat",Novitec,Exhaust,"brand_novitec, car_ferrari, category_exhaust, condition_new, install_available, model_purosangue, pricing_buy_now",TRUE,Variant,Stainless Steel,F1 666 10,0,shopify,5,deny,manual,27900.00,TRUE,TRUE,https://cdn.shopify.com/s/files/1/0701/4472/0949/files/Screenshot2026-01-02at23.32.10.png,1,Exhaust system RACE without flap regulation - Ferrari Purosangue - F1 666 10/ 20/ 30 - Novitec,FALSE,active
novitec-race-exhaust-no-flap-ss-purosangue,,,,,,,,Inconel,F1 666 20,0,shopify,2,deny,manual,34900.00,TRUE,TRUE,,,,,
novitec-race-exhaust-no-flap-ss-purosangue,,,,,,,,Inconel Gold 999,F1 666 30,0,shopify,2,deny,manual,47900.00,TRUE,TRUE,,,,,
novitec-race-exhaust-no-flap-ss-purosangue,,,,,,,,,,,,,,,,,,https://cdn.shopify.com/s/files/1/0701/4472/0949/files/Screenshot2026-01-02at23.32.10_934450da-4aa5-4ccd-950a-4b3a24b5546b.png,2,Exhaust system RACE without flap regulation - Ferrari Purosangue - F1 666 10/ 20/ 30 - Novitec,,
novitec-race-exhaust-no-flap-ss-purosangue,,,,,,,,,,,,,,,,,,https://cdn.shopify.com/s/files/1/0701/4472/0949/files/9d204cfd-b1d9-4dc2-bc48-c1a45c9b2b5e.png,3,Exhaust system RACE without flap regulation - Ferrari Purosangue - F1 666 10/ 20/ 30 - Novitec,,
novitec-ferrari-12cilindri-f1-012-17,Tailpipes (Set of 2) - Ferrari 12Cilindri - F1 012 17/ 18 - Novitec,"<h4>Description</h4> <p>The <strong>NOVITEC Tailpipes (Set of 2)</strong> for the Ferrari 12Cilindri are designed to complement NOVITEC exhaust systems with a refined motorsport-inspired finish. Developed specifically for use with NOVITEC exhausts, these tailpipes enhance the rear appearance while maintaining precise OEM-level fitment.</p> <p>Available in two premium finishes, each version adds a distinctive visual accent to match the vehicle’s performance character.</p> <h4>Compatibility</h4> <p>Ferrari 12Cilindri<br>For use with <strong>NOVITEC exhaust systems</strong></p> <h4>Key Features</h4> <ul> <li> <p>Tailpipes set (2 pieces)</p> </li> <li> <p>Designed for use with NOVITEC exhaust systems</p> </li> <li> <p>Precision-engineered for perfect fitment</p> </li> <li> <p>High-quality stainless steel construction</p> </li> <li> <p>Available in Black or Gold-Plated finish</p> </li> <li> <p>Direct replacement using factory mounting points</p> </li> </ul> <h4>Available Versions</h4> <p><strong>Black Tailpipes</strong></p> <ul> <li> <p>Stainless steel construction</p> </li> <li> <p>Black-coated finish</p> </li> <li> <p>Sporty, understated appearance</p> </li> </ul> <p><strong>Gold-Plated Tailpipes</strong></p> <ul> <li> <p>Stainless steel construction</p> </li> <li> <p>Coated with 999 fine gold</p> </li> <li> <p>Premium appearance with reduced heat discoloration</p> </li> </ul> <h4>Technical Details</h4> <ul> <li> <p>Manufacturer: NOVITEC</p> </li> <li> <p>Product Type: Tailpipes</p> </li> <li> <p>Quantity: Set of 2 pieces</p> </li> <li> <p>Material: Stainless Steel</p> </li> <li> <p>Finish: Depending on selected variant</p> </li> </ul> <h4>Installation</h4> <p>Professional installation is recommended.</p> <h4>Part Numbers</h4> <p><strong>Black Tailpipes</strong></p> <ul> <li data",Novitec,Exhaust,"brand_novitec, car_ferrari, category_exhaust, condition_new, install_available, model_12cilindri, pricing_buy_now",TRUE,Variant,Stainless Steel,F1 012 17,0,shopify,5,deny,manual,15900.00,TRUE,TRUE,https://cdn.shopify.com/s/files/1/0701/4472/0949/files/Screenshot2026-01-17at00.35.43.png,1,Tailpipes (Set of 2) - Ferrari 12Cilindri - F1 012 17/ 18 - Novitec,FALSE,active
novitec-ferrari-12cilindri-f1-012-17,,,,,,,,Gold Plated 999,F1 012 18,0,shopify,4,deny,manual,20900.00,TRUE,TRUE,,,,,
novitec-ferrari-12cilindri-f1-012-17,,,,,,,,,,,,,,,,,,https://cdn.shopify.com/s/files/1/0701/4472/0949/files/Screenshot_2026-02-18_at_14.21.36.png,2,Tailpipes (Set of 2) - Ferrari 12Cilindri - F1 012 17/ 18 - Novitec,,
novitec-ferrari-12cilindri-f1-012-17,,,,,,,,,,,,,,,,,,https://cdn.shopify.com/s/files/1/0701/4472/0949/files/tempImageVWVpqo.jpg,3,Tailpipes (Set of 2) - Ferrari 12Cilindri - F1 012 17/ 18 - Novitec,,
novitec-ferrari-812-f5-812-02,Hydraulic Adjustment System with Sport Spring Set - Ferrari 812 Superfast & GTS - F5 812 02 - Novitec,"<h4>Description</h4> <p>The <strong>NOVITEC Hydraulic Adjustment System</strong> for the <strong>Ferrari 812 Superfast and 812 GTS </strong>combines a sport spring lowering setup with an integrated front axle lift function. The system lowers the vehicle for improved stance and handling while allowing the front axle to be raised hydraulically by approximately <strong>40 mm</strong> when required.</p> <p>Activated via remote control and managed through a dedicated CAN control unit, the system provides maximum practicality without compromising performance. The original factory damper adjustment remains fully functional.</p> <h4>Compatibility</h4> <p>Ferrari 812 <strong>Superfast</strong><br>Ferrari 812 <strong>GTS</strong></p> <p>Designed for use in combination with the original suspension system.</p> <h4>Key Features</h4> <ul> <li> <p>Hydraulic front axle lift system</p> </li> <li> <p>Includes sport spring set for lowering</p> </li> <li> <p>Approx. 40 mm hydraulic front axle adjustment</p> </li> <li> <p>Remote control operation</p> </li> <li> <p>Integrated CAN control unit</p> </li> <li> <p>Original factory damper adjustment remains fully functional</p> </li> <li> <p>Improved stance and everyday usability</p> </li> <li> <p>Developed specifically for Ferrari 812 Superfast &amp; GTS</p> </li> </ul> <h4>Technical Details</h4> <ul> <li> <p>Manufacturer: NOVITEC</p> </li> <li> <p>Product Type: Hydraulic Suspension Adjustment System</p> </li> <li> <p>Includes: Suspension spring set + hydraulic front lift system</p> </li> <li> <p>Front Axle Lift: Approx. 40 mm</p> </li> <li> <p>Control: Remote control with CAN integration</p> </li> <li> <p>Suspension Compatibility: Original factory suspension retained</p> </li> </ul> <h4>Installation</h4> <p>Professional installation and wheel alignment are strongly recommended.</p> <h4>Part Number</h4> <ul> <li> <p>F5 812 02</p> </li> </ul> <h4>Special Order</h4> <p>Lead time approximately <strong>4–6 weeks</str",Novitec,Suspension,"brand_novitec, car_ferrari, category_suspension, condition_new, install_available, model_812_gts, model_812_superfast, pricing_buy_now",TRUE,Title,Default Title,F5 812 02,0,shopify,6,deny,manual,31900.00,TRUE,TRUE,https://cdn.shopify.com/s/files/1/0701/4472/0949/files/Screenshot2026-01-22at18.57.08.png,1,Hydraulic Adjustment System with Sport Spring Set - Ferrari 812 Superfast & GTS - F5 812 02 - Novitec,FALSE,active
novitec-ferrari-812-f5-812-02,,,,,,,,,,,,,,,,,,https://cdn.shopify.com/s/files/1/0701/4472/0949/files/Screenshot2026-01-22at19.01.51.png,2,Hydraulic Adjustment System with Sport Spring Set - Ferrari 812 Superfast & GTS - F5 812 02 - Novitec,,
novitec-sport-spring-set-purosangue,Sport Spring Set - Ferrari Purosangue - F5 666 31 - Novitec,"<h4>Description</h4> <p>The <strong>NOVITEC Sport Spring Set</strong> for the Ferrari Purosangue enhances handling dynamics while delivering a sportier and more aggressive stance. Designed to work in combination with the original factory suspension, this spring set lowers the vehicle for improved center of gravity and enhanced driving stability.</p> <p>Engineered specifically for the Purosangue, the system maintains everyday usability and compatibility with vehicles equipped with the factory lift system.</p> <h4>Compatibility</h4> <p>Ferrari Purosangue<br>Compatible with vehicles equipped with the factory lift system</p> <h4>Key Features</h4> <ul> <li> <p>Sport spring set for suspension lowering</p> </li> <li> <p>Optimized for use with the original factory suspension</p> </li> <li> <p>Improved handling stability and reduced body roll</p> </li> <li> <p>Lowered ride height for enhanced stance</p> </li> <li> <p>Compatible with factory lift system</p> </li> <li> <p>Developed specifically for the Ferrari Purosangue</p> </li> </ul> <h4>Technical Details</h4> <ul> <li> <p>Manufacturer: NOVITEC</p> </li> <li> <p>Product Type: Sport Spring Set</p> </li> <li> <p>Application: Lowering springs</p> </li> <li> <p>Suspension: Designed for original factory suspension</p> </li> </ul> <h4>Installation</h4> <p>Professional installation and wheel alignment are recommended.</p> <h4>Part Number</h4> <ul> <li> <p>F5 666 31</p> </li> </ul> <h4>Special Order</h4> <p>Lead time approximately <strong>4–6 weeks</strong></p>",Novitec,Suspension,"brand_novitec, car_ferrari, category_suspension, condition_new, install_available, model_purosangue, pricing_buy_now",TRUE,Title,Default Title,F5 666 31,0,shopify,5,deny,manual,6900.00,TRUE,TRUE,https://cdn.shopify.com/s/files/1/0701/4472/0949/files/Screenshot2026-01-04at06.51.29.png,1,Sport Spring Set - Ferrari Purosangue - F5 666 31 - Novitec,FALSE,active
novitec-sport-spring-set-purosangue,,,,,,,,,,,,,,,,,,https://cdn.shopify.com/s/files/1/0701/4472/0949/files/Screenshot2026-01-04at06.53.12.png,2,Sport Spring Set - Ferrari Purosangue - F5 666 31 - Novitec,,
novitec-nf11-wheel-set-purosangue,"NF11 Forged Aluminium Wheel Set with Central Lock - Ferrari Purosangue - F4 666 22, 20/21 - Novitec","<h4>Description</h4> <p>The <strong>NOVITEC NF11 Forged Aluminium Wheel Set – Central Lock LOOK</strong> for the Ferrari Purosangue combines lightweight forged construction with a distinctive, motorsport-inspired center-lock design. Developed specifically for the Purosangue, this wheel set enhances handling precision, stability, and overall driving dynamics while delivering a bold yet refined visual presence.</p> <p>The set includes a central cover available in black, red, or silver, allowing subtle customization to complement the vehicle’s styling.</p> <h4>Compatibility</h4> <p>Ferrari Purosangue</p> <h4>Key Features</h4> <ul> <li> <p>Forged aluminium wheel set</p> </li> <li> <p>Central Lock LOOK design</p> </li> <li> <p>Includes central cover in black, red, or silver</p> </li> <li> <p>Lightweight construction for improved handling and agility</p> </li> <li> <p>Developed specifically for the Ferrari Purosangue</p> </li> <li> <p>Precision fitment for front and rear axles</p> </li> <li> <p>Available with or without tyres</p> </li> </ul> <h4>Wheel Specifications</h4> <p><strong>Front Axle</strong></p> <ul> <li> <p>9.5J x 22""</p> </li> </ul> <p><strong>Rear Axle</strong></p> <ul> <li> <p>12J x 23""</p> </li> </ul> <h4>Tyre Options</h4> <p><strong>With Tyres</strong></p> <ul> <li> <p>Front: 255/35 R22</p> </li> <li> <p>Rear: 315/30 R23</p> </li> </ul> <p><strong>Without Tyres</strong></p> <ul> <li> <p>Wheels supplied without tyres</p> </li> </ul> <h4>Technical Details</h4> <ul> <li> <p>Manufacturer: NOVITEC</p> </li> <li> <p>Wheel Type: Forged Aluminium</p> </li> <li> <p>Model: NF11</p> </li> <li> <p>Design: Central Lock LOOK</p> </li> <li> <p>Center Cover Colors: Black, Red, or Silver</p> </li> <li> <p>Quantity: Complete wheel set (front and rear)</p> </li> </ul> <h4>Installation</h4> <p data-e",Novitec,Wheels,"brand_novitec, car_ferrari, category_wheels, condition_new, install_available, model_purosangue, pricing_buy_now",TRUE,Variant,With Tyres,F4 666 22,0,shopify,2,deny,manual,74900.00,TRUE,TRUE,https://cdn.shopify.com/s/files/1/0701/4472/0949/files/Screenshot2026-01-04at06.43.09.png,1,"NF11 Forged Aluminium Wheel Set with Central Lock - Ferrari Purosangue - F4 666 22, 20/21 - Novitec",FALSE,active
novitec-nf11-wheel-set-purosangue,,,,,,,,Without Tyres,F4 666 20/21,0,shopify,1,deny,manual,62900.00,TRUE,TRUE,,,,,
novitec-nf11-wheel-set-purosangue,,,,,,,,,,,,,,,,,,https://cdn.shopify.com/s/files/1/0701/4472/0949/files/Screenshot_2026-02-15_at_11.55.46.png,2,"NF11 Forged Aluminium Wheel Set with Central Lock - Ferrari Purosangue - F4 666 22, 20/21 - Novitec",,
novitec-nf11-wheel-set-purosangue,,,,,,,,,,,,,,,,,,https://cdn.shopify.com/s/files/1/0701/4472/0949/files/Screenshot2026-01-04at06.43.53.png,3,"NF11 Forged Aluminium Wheel Set with Central Lock - Ferrari Purosangue - F4 666 22, 20/21 - Novitec",,
novitec-nf10-wheel-set-purosangue,"NF10 Forged Aluminium Wheel Set with Central Lock - Ferrari Purosangue - F4 666 62, 60/61 - Novitec","<h4>Description</h4> <p>The <strong>NOVITEC NF10 Forged Aluminium Wheel Set – Central Lock LOOK</strong> for the Ferrari Purosangue combines advanced forged construction with an authentic motorsport-inspired center-lock design. Developed specifically for the Purosangue, this wheel set enhances handling precision, stability, and overall driving dynamics while delivering a bold, race-inspired appearance.</p> <p>The set includes a central cover available in black, red, or silver, allowing subtle personalization while maintaining a clean, high-performance aesthetic.</p> <h4>Compatibility</h4> <p>Ferrari Purosangue</p> <h4>Key Features</h4> <ul> <li> <p>Forged aluminium wheel set</p> </li> <li> <p>Central Lock LOOK design</p> </li> <li> <p>Includes central cover in black, red, or silver</p> </li> <li> <p>Lightweight construction for improved handling and agility</p> </li> <li> <p>Developed specifically for the Ferrari Purosangue</p> </li> <li> <p>Precision fitment for front and rear axles</p> </li> <li> <p>Available with or without tyres</p> </li> </ul> <h4>Wheel Specifications</h4> <p><strong>Front Axle</strong></p> <ul> <li> <p>9.5J x 22""</p> </li> </ul> <p><strong>Rear Axle</strong></p> <ul> <li> <p>12J x 23""</p> </li> </ul> <h4>Tyre Options</h4> <p><strong>With Tyres</strong></p> <ul> <li> <p>Front: 255/35 R22</p> </li> <li> <p>Rear: 315/30 R23</p> </li> </ul> <p><strong>Without Tyres</strong></p> <ul> <li> <p>Wheels supplied without tyres</p> </li> </ul> <h4>Technical Details</h4> <ul> <li> <p>Manufacturer: NOVITEC</p> </li> <li> <p>Wheel Type: Forged Aluminium</p> </li> <li> <p>Model: NF10</p> </li> <li> <p>Design: Central Lock LOOK</p> </li> <li> <p>Center Cover Colors: Black, Red, or Silver</p> </li> <li> <p>Quantity: Complete wheel set (front and rear)</p> </li> </ul> <h4>Installation</h4> <p data-start=",Novitec,Wheels,"brand_novitec, car_ferrari, category_wheels, condition_new, install_available, model_purosangue, pricing_buy_now",TRUE,Variant,With Tyres,F4 666 62,0,shopify,4,deny,manual,74900.00,TRUE,TRUE,https://cdn.shopify.com/s/files/1/0701/4472/0949/files/Screenshot2026-01-04at06.45.04_f9247a42-2b0e-4748-a75f-811b78907b5f.png,1,"NF10 Forged Aluminium Wheel Set with Central Lock - Ferrari Purosangue - F4 666 62, 60/61 - Novitec",FALSE,active
novitec-nf10-wheel-set-purosangue,,,,,,,,Without Tyres,F4 666 60/61,0,shopify,3,deny,manual,62900.00,TRUE,TRUE,,,,,
novitec-nf10-wheel-set-purosangue,,,,,,,,,,,,,,,,,,https://cdn.shopify.com/s/files/1/0701/4472/0949/files/Screenshot_2026-02-15_at_11.42.44.png,2,"NF10 Forged Aluminium Wheel Set with Central Lock - Ferrari Purosangue - F4 666 62, 60/61 - Novitec",,
novitec-nf10-wheel-set-purosangue,,,,,,,,,,,,,,,,,,https://cdn.shopify.com/s/files/1/0701/4472/0949/files/Screenshot2026-01-04at06.46.11_cd3484e2-f013-43b1-8f41-684612ab6873.png,3,"NF10 Forged Aluminium Wheel Set with Central Lock - Ferrari Purosangue - F4 666 62, 60/61 - Novitec",,
mula-arts-koenigsegg-jesko-7258-1-8,Koenigsegg Jesko 1/8 - Tang Orange,<p><strong>Collectibles</strong> — premium scale model for display and collection.</p> <ul> <li>Brand: Koenigsegg</li> <li>Model: Jesko 7258</li> <li>Scale: 1/8</li> <li>Color: Tang Orange</li> </ul> <p><br></p>,Collectibles,Scale Model / Art Piece,"brand_collectibles, car_koenigsegg, category_collectibles, condition_new, install_available, pricing_buy_now",TRUE,Title,Default Title,F137-158,0,shopify,2,deny,manual,19900.00,TRUE,TRUE,https://cdn.shopify.com/s/files/1/0701/4472/0949/files/aac0b76b-1d39-46b5-95cb-e10a5901c1f0.jpg,1,Koenigsegg Jesko 1/8 - Tang Orange,FALSE,active
mula-arts-koenigsegg-jesko-7258-1-8,,,,,,,,,,,,,,,,,,https://cdn.shopify.com/s/files/1/0701/4472/0949/files/02db9e3c-37cb-4f6e-ba4a-ebcd51d63318.jpg,2,Koenigsegg Jesko 1/8 - Tang Orange,,
mula-arts-koenigsegg-jesko-7258-1-8,,,,,,,,,,,,,,,,,,https://cdn.shopify.com/s/files/1/0701/4472/0949/files/e7ee3816-2450-4dd1-b383-10828dd490c2.jpg,3,Koenigsegg Jesko 1/8 - Tang Orange,,
mula-arts-koenigsegg-jesko-engine-1-6,Koenigsegg Jesko Engine 1/6,<p><strong>Collectibles</strong> — premium scale model for display and collection.</p> <ul> <li>Brand: Koenigsegg</li> <li>Model: Jesko Engine</li> <li>Scale: 1/6</li> </ul> <p><br></p>,Collectibles,Scale Model / Art Piece,"brand_collectibles, car_koenigsegg, category_collectibles, condition_new, install_available, pricing_buy_now",TRUE,Title,Default Title,R1 000 02,0,shopify,1,deny,manual,19900.00,TRUE,TRUE,https://cdn.shopify.com/s/files/1/0701/4472/0949/files/PHOTO-2024-10-16-10-04-32.jpg,1,Koenigsegg Jesko Engine 1/6,FALSE,active
mula-arts-koenigsegg-jesko-engine-1-6,,,,,,,,,,,,,,,,,,https://cdn.shopify.com/s/files/1/0701/4472/0949/files/PHOTO-2024-10-16-10-04-332.jpg,2,Koenigsegg Jesko Engine 1/6,,
mula-arts-koenigsegg-jesko-engine-1-6,,,,,,,,,,,,,,,,,,https://cdn.shopify.com/s/files/1/0701/4472/0949/files/PHOTO-2024-10-16-10-04-333.jpg,3,Koenigsegg Jesko Engine 1/6,,
l6-333-00,ESTESO Widebody Kit - Lamborghini Urus - L6 333 00 - Novitec,"<h2>Description</h2> <p>The <strong>NOVITEC ESTESO Widebody Kit (14-Part Conversion)</strong> for the <strong>Lamborghini Urus</strong> transforms the vehicle into a dramatically wider and more aggressive performance SUV. The ESTESO conversion enhances the muscular proportions of the Urus while maintaining seamless OEM-level integration and precise fitment.</p> <p>All components are manufactured from high-quality <strong>PU-RIM</strong>, ensuring durability, flexibility, and optimal preparation for painting in body color or custom finishes.</p> <p>For vehicles equipped with a <strong>tow bar</strong>, either the <strong>original factory diffuser</strong> or the <strong>NOVITEC rear diffuser in visible carbon (L6 333 99)</strong> must be used.</p> <h2>Compatibility</h2> <p>Lamborghini <strong>Urus</strong></p> <p>Special Note:<br>For vehicles with <strong>tow bar</strong>, original diffuser or <strong>L6 333 99 (Visible Carbon Rear Diffuser)</strong> must be used.</p> <h2>Key Features</h2> <ul> <li> <p>Complete 14-part ESTESO widebody conversion</p> </li> <li> <p>Significantly wider and more aggressive stance</p> </li> <li> <p>Manufactured from high-quality PU-RIM</p> </li> <li> <p>Designed specifically for Lamborghini Urus</p> </li> <li> <p>OEM-level integration and precise fitment</p> </li> <li> <p>Designed for painting in vehicle color or custom finish</p> </li> </ul> <h2>Included Components</h2> <ul> <li> <p>Front bumper attachment</p> </li> <li> <p>Front strut</p> </li> <li> <p>Widebody set</p> </li> <li> <p>Side panels</p> </li> <li> <p>Rear bumper attachment</p> </li> <li> <p>Complete fixing material</p> </li> </ul> <p>(All parts made from PU-RIM)</p> <h2>Technical Details</h2> <ul> <li> <p>Manufacturer: NOVITEC</p> </li> <li> <p>Product Type: Widebody Conversion Kit</p> </li> <li> <p>Version: ESTESO</p> </li> <li> <p>Material: PU-RIM</p> </li> <li> <p>Finish: Primed for painting</p> </li> </ul> <h2>Installation</h2> <p>Professional installation and bodywork preparation are strongly recommended to ensure perfect alignment and high-quality finish.</p> <h2>Part Number</h2> <ul> <li> <p><strong>L6 333 00</strong></p> </li> </ul> <h2>Special Order</h2> <p>Lead time approximately <strong>4–6 weeks</strong></p>",NOVITEC,Aerodynamics,"brand_novitec, car_lamborghini, category_aerodynamic, condition_new, install_available, model_urus, pricing_buy_now",TRUE,Variant,Visible Carbon,L6 333 00,0,shopify,5,deny,manual,75900.00,TRUE,TRUE,https://cdn.shopify.com/s/files/1/0701/4472/0949/files/Screenshot2026-01-31at14.23.13.png,1,ESTESO Widebody Kit - Lamborghini Urus - L6 333 00 - Novitec,FALSE,active
l6-333-00,,,,,,,,Forged Carbon,L6 333 00,0,shopify,6,deny,manual,75900.00,TRUE,TRUE,,,,,
l6-333-00,,,,,,,,,,,,,,,,,,https://cdn.shopify.com/s/files/1/0701/4472/0949/files/Screenshot2026-01-31at14.22.48.png,2,ESTESO Widebody Kit - Lamborghini Urus - L6 333 00 - Novitec,,
l6-333-00,,,,,,,,,,,,,,,,,,https://cdn.shopify.com/s/files/1/0701/4472/0949/files/Screenshot_2026-01-15_at_00.30.11_df9037c1-74d2-4b4b-b857-33ba5b67e150.png,3,ESTESO Widebody Kit - Lamborghini Urus - L6 333 00 - Novitec,,
l6-333-61,Engine Bonnet - Lamborghini Urus - L6 333 59/ 61/ 63 - Novitec,"<h2>Description</h2> <p>The <strong>NOVITEC Engine Bonnet</strong> for the <strong>Lamborghini Urus</strong> enhances the vehicle’s front-end presence with a more aggressive and performance-oriented design while maintaining OEM-level integration and precise fitment. Engineered to combine lightweight construction with striking styling, the bonnet is available in multiple versions to suit individual preferences.</p> <p>Whether finished fully in body color, combined with visible carbon elements, or delivered entirely in carbon fiber, each version reflects NOVITEC’s premium design and engineering standards.</p> <h2>Compatibility</h2> <p>Lamborghini <strong>Urus</strong></p> <h2>Available Versions</h2> <h3>Engine Bonnet – Primed for Painting</h3> <p>Supplied ready for paint preparation, allowing full customization in vehicle body color.<br><strong>Part Number:</strong> L6 333 59</p> <h3>Engine Bonnet – Primed for Painting / Partial Visible Carbon</h3> <p>Combination of paintable surfaces with visible carbon sections and cover primed for painting, offering a striking contrast design.<br><strong>Part Number:</strong> L6 333 63</p> <h3>Engine Bonnet – Full Visible Carbon / Forged Carbon</h3> <p>Manufactured entirely from carbon fiber, available in visible carbon or forged carbon finish for maximum weight reduction and bold motorsport aesthetics.<br><strong>Part Number:</strong> L6 333 61</p> <h2>Key Features</h2> <ul> <li> <p>Complete engine bonnet replacement</p> </li> <li> <p>Available in multiple finish options</p> </li> <li> <p>Lightweight construction for improved performance</p> </li> <li> <p>Aggressive performance-inspired design</p> </li> <li> <p>OEM-level integration and precise fitment</p> </li> <li> <p>Premium materials and craftsmanship</p> </li> </ul> <h2>Included Components</h2> <ul> <li> <p>Engine bonnet (according to selected version)</p> </li> <li> <p>Required mounting / installation components (as supplied by NOVITEC)</p> </li> </ul> <h2>Technical Details</h2> <ul> <li> <p>Manufacturer: NOVITEC</p> </li> <li> <p>Product Type: Engine Bonnet</p> </li> <li> <p>Material: Composite / Carbon Fiber (depending on version)</p> </li> <li> <p>Finish Options: Primed, Partial Visible Carbon, Full Visible Carbon, Forged Carbon</p> </li> </ul> <h2>Installation</h2> <p>Professional installation and paint preparation (where applicable) are strongly recommended to ensure proper alignment and high-quality finish.</p> <h2>Special Order</h2> <p>Lead time approximately <strong>4–6 weeks</strong></p> <p> </p>",NOVITEC,Aerodynamics,"brand_novitec, car_lamborghini, category_aerodynamic, condition_new, install_available, model_urus, pricing_buy_now",TRUE,Variant,Visible Carbon,L6 333 61,0,shopify,6,deny,manual,35900.00,TRUE,TRUE,https://cdn.shopify.com/s/files/1/0701/4472/0949/files/Screenshot2026-01-31at14.36.11.png,1,Engine Bonnet - Lamborghini Urus - L6 333 59/ 61/ 63 - Novitec,FALSE,active
l6-333-61,,,,,,,,Ready for painting,L6 333 59,0,shopify,1,deny,manual,24900.00,TRUE,TRUE,,,,,
l6-333-61,,,,,,,,Primed / Carbon,L6 333 63,0,shopify,5,deny,manual,30900.00,TRUE,TRUE,,,,,
l6-333-61,,,,,,,,Forged Carbon,L6 333 61,0,shopify,4,deny,manual,35900.00,TRUE,TRUE,,,,,
l6-333-61,,,,,,,,,,,,,,,,,,https://cdn.shopify.com/s/files/1/0701/4472/0949/files/Screenshot2026-01-31at14.40.11.png,2,Engine Bonnet - Lamborghini Urus - L6 333 59/ 61/ 63 - Novitec,,
l6-333-61,,,,,,,,,,,,,,,,,,https://cdn.shopify.com/s/files/1/0701/4472/0949/files/Screenshot_2026-01-15_at_00.30.11_df9037c1-74d2-4b4b-b857-33ba5b67e150.png,3,Engine Bonnet - Lamborghini Urus - L6 333 59/ 61/ 63 - Novitec,,
novitec-urus-l1-333-30,Exhaust Tailpipes Black Stainless Steel (4-Piece Set) - Lamborghini Urus S & Performante - L1 333 30 - Novitec,"<h2>Description</h2> <p>The <strong>NOVITEC Tailpipes – Black Stainless Steel (4-Piece Set)</strong> are designed for the <strong>Lamborghini Urus S and Lamborghini Urus Performante</strong>, compatible with both the <strong>NOVITEC exhaust system</strong> and the <strong>original factory exhaust</strong>. These premium tailpipes enhance the rear appearance with a more aggressive and refined finish while maintaining OEM-level fitment.</p> <p>Manufactured from high-quality <strong>black stainless steel</strong>, the set delivers durability, corrosion resistance, and a distinctive high-performance aesthetic that perfectly complements the Urus’ sporty rear design.</p> <h2>Compatibility</h2> <p>Lamborghini <strong>Urus S</strong><br>Lamborghini <strong>Urus Performante</strong><br>Compatible with:</p> <ul> <li> <p>NOVITEC exhaust system</p> </li> <li> <p>Original factory exhaust system</p> </li> </ul> <h2>Key Features</h2> <ul> <li> <p>4-piece tailpipe set</p> </li> <li> <p>Manufactured from premium black stainless steel</p> </li> <li> <p>Compatible with NOVITEC and OEM exhaust systems</p> </li> <li> <p>Durable, heat-resistant, and corrosion-resistant construction</p> </li> <li> <p>Enhances rear styling with a sporty, aggressive look</p> </li> <li> <p>OEM-level integration and precise fitment</p> </li> </ul> <h2>Included Components</h2> <ul> <li> <p>Tailpipes – 4 pieces (black stainless steel)</p> </li> <li> <p>Required mounting / installation components (as supplied by NOVITEC)</p> </li> </ul> <h2>Technical Details</h2> <ul> <li> <p>Manufacturer: NOVITEC</p> </li> <li> <p>Product Type: Tailpipes</p> </li> <li> <p>Quantity: 4 Pieces</p> </li> <li> <p>Material: Black Stainless Steel</p> </li> <li> <p>Compatibility: NOVITEC &amp; OEM Exhaust</p> </li> </ul> <h2>Installation</h2> <p>Professional installation is recommended to ensure proper alignment and secure mounting.</p> <h2>Part Number</h2> <ul> <li> <p><strong>L1 333 30</strong></p> </li> </ul> <h2>Special Order</h2> <p>Lead time approximately <strong>4–6 weeks</strong></p>",Novitec,Exhaust,"brand_novitec, car_lamborghini, category_engine, category_exhaust, condition_new, install_available, model_urus_performante, model_urus_s, pricing_buy_now",TRUE,Title,Default Title,L1 333 30,0,shopify,4,deny,manual,9900.00,TRUE,TRUE,https://cdn.shopify.com/s/files/1/0701/4472/0949/files/Screenshot2026-01-16at19.35.29.png,1,Exhaust Tailpipes Black Stainless Steel (4-Piece Set) - Lamborghini Urus S & Performante - L1 333 30 - Novitec,FALSE,active
novitec-urus-l1-333-30,,,,,,,,,,,,,,,,,,https://cdn.shopify.com/s/files/1/0701/4472/0949/files/Screenshot2026-01-16at19.36.07.png,2,Exhaust Tailpipes Black Stainless Steel (4-Piece Set) - Lamborghini Urus S & Performante - L1 333 30 - Novitec,,
novitec-urus-l1-333-01,Engine Compartment Badge - Lamborghini Urus S & Performante - L1 333 01 - Novitec,"<h2>Description</h2> <p>The <strong>NOVITEC Engine Compartment Badge</strong> is the finishing detail for a complete NOVITEC-enhanced vehicle. Designed to be mounted within the engine bay, this premium badge adds an exclusive touch that reflects the vehicle’s performance pedigree and refined engineering upgrades.</p> <p>Manufactured to NOVITEC’s high-quality standards, the badge provides a clean and professional appearance, making it the perfect complement to any NOVITEC performance or aerodynamic conversion.</p> <h2>Compatibility</h2> <p>Suitable for <strong>NOVITEC-equipped vehicles</strong><br>(Universal application depending on installation area)</p> <h2>Key Features</h2> <ul> <li> <p>Official NOVITEC engine compartment badge</p> </li> <li> <p>Premium finish with high-quality detailing</p> </li> <li> <p>Enhances exclusivity and brand presence</p> </li> <li> <p>Designed for clean and professional installation</p> </li> <li> <p>Perfect complement to NOVITEC performance upgrades</p> </li> </ul> <h2>Included Components</h2> <ul> <li> <p>NOVITEC engine compartment badge</p> </li> <li> <p>Mounting / adhesive backing (as supplied by NOVITEC)</p> </li> </ul> <h2>Technical Details</h2> <ul> <li> <p>Manufacturer: NOVITEC</p> </li> <li> <p>Product Type: Engine Compartment Badge</p> </li> <li> <p>Application: Engine Bay</p> </li> </ul> <h2>Installation</h2> <p>Professional installation is recommended to ensure correct positioning and secure attachment within the engine compartment.</p> <h2>Part Number</h2> <ul> <li> <p><strong>L1 333 01</strong></p> </li> </ul> <h2>Special Order</h2> <p>Lead time approximately <strong>4–6 weeks</strong></p>",Novitec,Exhaust,"brand_novitec, car_lamborghini, category_engine, category_exhaust, condition_new, install_available, model_urus_performante, model_urus_s, pricing_buy_now",TRUE,Title,Default Title,L1-333-01,0,shopify,6,deny,manual,390.00,TRUE,TRUE,https://cdn.shopify.com/s/files/1/0701/4472/0949/files/Screenshot_2026-01-06_at_00.38.16.png,1,Engine Compartment Badge - Lamborghini Urus S & Performante - L1 333 01 - Novitec,FALSE,active
novitec-urus-l1-333-01,,,,,,,,,,,,,,,,,,https://cdn.shopify.com/s/files/1/0701/4472/0949/files/Screenshot_2026-01-06_at_00.38.33.png,2,Engine Compartment Badge - Lamborghini Urus S & Performante - L1 333 01 - Novitec,,
lamborghini-revuelto-oem-muffler-exhaust-47b251051b-used,Lamborghini Revuelto OEM Muffler Exhaust Silencer - 47B251051B - Used,"<p>Used Lamborghini Revuelto OEM muffler / exhaust silencer. Genuine OEM used part, actual item shown in the photos.</p> <p>This is a used Lamborghini Revuelto OEM muffler assembly, part number 47B251051B / 47B.251.051.B. The listing is for the actual part shown in the photos.</p> <ul> <li> <strong>Vehicle fitment reference:</strong> Lamborghini Revuelto / LB744</li> <li> <strong>Part category:</strong> OEM muffler / exhaust silencer</li> <li> <strong>Part number:</strong> 47B251051B / 47B.251.051.B</li> <li> <strong>Internal SKU:</strong> LXP01-003-001</li> <li> <strong>Condition:</strong> Used</li> <li> <strong>Price:</strong> AED 42,000</li> </ul> <p>The muffler includes the visible exhaust body, pipe openings, mounting points, and identification plate as shown in the photos. Brackets, clamps, sensors, hardware, and small accessories are only included if clearly visible in the photos.</p> <p>Condition is used, with visible heat marks, weld discoloration, and normal storage/handling marks. Please review all photos carefully before purchase.</p> <p>Buyer must confirm compatibility using part number <strong>47B251051B</strong> before ordering.</p>",Lamborghini,Exhaust / Muffler,"brand_lamborghini, car_lamborghini, category_exhaust, condition_used, install_available, model_revuelto, pricing_buy_now",TRUE,Title,Default Title,LXP01-003-001,0,shopify,6,deny,manual,42000.00,TRUE,TRUE,https://cdn.shopify.com/s/files/1/0701/4472/0949/files/1_5ae46a0e-ac1c-4d49-883a-480162b4e67c.jpg,1,Lamborghini Revuelto OEM Muffler Exhaust Silencer - 47B251051B - Used,FALSE,active
lamborghini-revuelto-oem-muffler-exhaust-47b251051b-used,,,,,,,,,,,,,,,,,,https://cdn.shopify.com/s/files/1/0701/4472/0949/files/2_f93dd56c-9287-401f-b9dd-b7bfd0b55411.jpg,2,Lamborghini Revuelto OEM Muffler Exhaust Silencer - 47B251051B - Used,,
lamborghini-revuelto-oem-muffler-exhaust-47b251051b-used,,,,,,,,,,,,,,,,,,https://cdn.shopify.com/s/files/1/0701/4472/0949/files/3_9e133134-13f9-448f-a3ac-0bee5f93434e.jpg,3,Lamborghini Revuelto OEM Muffler Exhaust Silencer - 47B251051B - Used,,
novitec-stainless-steel-tailpipes-set-black-revuelto,Stainless Steel Tailpipes (Set) - Lamborghini Revuelto - L1 444 40/ 41 - Novitec,"<h4>Description</h4> <p>The <strong>NOVITEC Stainless Steel Tailpipes (Set)</strong> for the <strong>Lamborghini Revuelto</strong> are designed to complement NOVITEC exhaust systems with a refined and performance-oriented finish. Engineered specifically for perfect integration, these tailpipes enhance the rear appearance while maintaining precise OEM-level fitment.</p> <p>Available in two premium finishes, each version adds a distinctive visual accent to match the vehicle’s high-performance character.</p> <h4>Compatibility</h4> <p>Lamborghini Revuelto<br>For use with <strong>NOVITEC exhaust systems</strong></p> <h4>Key Features</h4> <ul> <li> <p>Stainless steel tailpipes (set)</p> </li> <li> <p>Designed for NOVITEC exhaust systems</p> </li> <li> <p>Precision-engineered for perfect fitment</p> </li> <li> <p>Enhances rear styling and performance appearance</p> </li> <li> <p>Available in Black or Gold-Plated finish</p> </li> <li> <p>Direct replacement installation</p> </li> </ul> <h4>Available Versions</h4> <p><strong>Black Tailpipes</strong></p> <ul> <li> <p>Stainless steel construction</p> </li> <li> <p>Black-coated finish</p> </li> <li> <p>Sporty and aggressive appearance</p> </li> </ul> <p><strong>Gold-Plated Tailpipes (999 Fine Gold)</strong></p> <ul> <li> <p>Stainless steel construction</p> </li> <li> <p>Gold-plated with 999 fine gold</p> </li> <li> <p>Premium motorsport-inspired finish</p> </li> <li> <p>Reduced heat discoloration</p> </li> </ul> <h4>Technical Details</h4> <ul> <li> <p>Manufacturer: NOVITEC</p> </li> <li> <p>Product Type: Tailpipes</p> </li> <li> <p>Quantity: Set</p> </li> <li> <p>Material: Stainless Steel</p> </li> <li> <p>Finish: Black or Gold-Plated</p> </li> </ul> <h4>Installation</h4> <p>Professional installation is recommended.</p> <h4>Part Numbers</h4> <p data-end=""1621",Novitec,Exhaust,"brand_novitec, car_lamborghini, category_exhaust, condition_new, install_available, model_revuelto, pricing_buy_now",TRUE,Variant,Black,L1 444 40,0,shopify,5,deny,manual,15900.00,TRUE,TRUE,https://cdn.shopify.com/s/files/1/0701/4472/0949/files/Screenshot2026-01-22at12.45.14.png,1,Stainless Steel Tailpipes (Set) - Lamborghini Revuelto - L1 444 40/ 41 - Novitec,FALSE,active
novitec-stainless-steel-tailpipes-set-black-revuelto,,,,,,,,Gold Plated 999,L1 444 41,0,shopify,6,deny,manual,24900.00,TRUE,TRUE,,,,,
novitec-stainless-steel-tailpipes-set-black-revuelto,,,,,,,,,,,,,,,,,,https://cdn.shopify.com/s/files/1/0701/4472/0949/files/Screenshot2026-01-22at12.45.38.png,2,Stainless Steel Tailpipes (Set) - Lamborghini Revuelto - L1 444 40/ 41 - Novitec,,
novitec-stainless-steel-tailpipes-set-black-revuelto,,,,,,,,,,,,,,,,,,https://cdn.shopify.com/s/files/1/0701/4472/0949/files/Screenshot_2026-02-23_at_00.40.16.png,3,Stainless Steel Tailpipes (Set) - Lamborghini Revuelto - L1 444 40/ 41 - Novitec,,
novitec-sport-spring-set-revuelto,Sport Spring Set - Lamborghini Revuelto - L5 444 01 - Novitec,"<h4>Description</h4> <p>The <strong>NOVITEC Sport Spring Set</strong> for the <strong>Lamborghini Revuelto</strong> enhances handling dynamics while delivering a lower and more aggressive stance. Designed to operate in combination with the original factory suspension, this spring set reduces ride height to improve center of gravity, stability, and overall driving precision.</p> <p>Engineered specifically for the Revuelto’s advanced chassis setup, the system maintains everyday usability while enhancing the vehicle’s performance-focused character.</p> <h4>Compatibility</h4> <p>Lamborghini Revuelto<br>Suitable for all models</p> <h4>Key Features</h4> <ul> <li> <p>Sport spring set for suspension lowering</p> </li> <li> <p>Designed for use with the original factory suspension</p> </li> <li> <p>Lowered ride height for enhanced stance</p> </li> <li> <p>Improved handling stability and reduced body roll</p> </li> <li> <p>Developed specifically for Lamborghini Revuelto</p> </li> <li> <p>Precision-engineered for OEM-level integration</p> </li> </ul> <h4>Technical Details</h4> <ul> <li> <p>Manufacturer: NOVITEC</p> </li> <li> <p>Product Type: Sport Spring Set</p> </li> <li> <p>Application: Lowering springs</p> </li> <li> <p>Suspension: Designed for original factory suspension</p> </li> </ul> <h4>Installation</h4> <p>Professional installation and wheel alignment are strongly recommended.</p> <h4>Part Number</h4> <ul> <li> <p>L5 444 01</p> </li> </ul> <h4>Special Order</h4> <p>Lead time approximately <strong>4–6 weeks</strong></p>",Novitec,Suspension,"brand_novitec, car_lamborghini, category_suspension, condition_new, install_available, model_revuelto, pricing_buy_now",TRUE,Title,Default Title,L5 444 01,0,shopify,2,deny,manual,6900.00,TRUE,TRUE,https://cdn.shopify.com/s/files/1/0701/4472/0949/files/Screenshot2026-01-22at12.42.26.png,1,Sport Spring Set - Lamborghini Revuelto - L5 444 01 - Novitec,FALSE,active
novitec-sport-spring-set-revuelto,,,,,,,,,,,,,,,,,,https://cdn.shopify.com/s/files/1/0701/4472/0949/files/Screenshot2026-01-22at12.43.00.png,2,Sport Spring Set - Lamborghini Revuelto - L5 444 01 - Novitec,,
novitec-urus-l5-333-80,CAN-Tronic Suspension Module - Lamborghini Urus & Urus S - L5 333 80 - Novitec,"<h2>Description</h2> <p>The <strong>NOVITEC CAN-Tronic Suspension Module</strong> for the <strong>Lamborghini Urus &amp; Urus S</strong> is designed to electronically lower the vehicle by approximately <strong>25mm</strong>, enhancing both aesthetics and driving dynamics. Developed specifically for models equipped with factory air suspension, this module communicates directly with the vehicle’s CAN bus system to adjust ride height without compromising functionality.</p> <p>By lowering the center of gravity, the CAN-Tronic module improves stability, reduces body roll, and delivers a more aggressive stance — all while maintaining full compatibility with the original suspension system and driving modes.</p> <h2>Compatibility</h2> <p>Lamborghini <strong>Urus S</strong><br><em>(Not compatible with Urus Performante)</em></p> <h2>Key Features</h2> <ul> <li> <p>Electronic suspension lowering module</p> </li> <li> <p>Lowers vehicle approximately 25mm</p> </li> <li> <p>Designed specifically for Urus S with factory air suspension</p> </li> <li> <p>Plug-and-play integration with vehicle CAN system</p> </li> <li> <p>Maintains OEM suspension functionality and drive modes</p> </li> <li> <p>Enhances stance, handling, and overall appearance</p> </li> </ul> <h2>Included Components</h2> <ul> <li> <p>NOVITEC CAN-Tronic suspension module</p> </li> <li> <p>Wiring harness and installation components (as supplied by NOVITEC)</p> </li> </ul> <h2>Technical Details</h2> <ul> <li> <p>Manufacturer: NOVITEC</p> </li> <li> <p>Product Type: Suspension Control Module</p> </li> <li> <p>Vehicle Application: Urus S</p> </li> <li> <p>Lowering: Approx. 25mm</p> </li> <li> <p>System Type: CAN bus electronic module</p> </li> </ul> <h2>Installation</h2> <p>Professional installation is strongly recommended to ensure correct integration with the vehicle’s suspension electronics and proper calibration.</p> <h2>Part Number</h2> <ul> <li> <p><strong>L5 333 80</strong></p> </li> </ul> <h2>Special Order</h2> <p>Lead time approximately <strong>4–6 weeks</strong></p> <p> </p>",Novitec,Suspension,"brand_novitec, car_lamborghini, category_suspension, condition_new, install_available, model_urus_performante, model_urus_s, pricing_buy_now",TRUE,Title,Default Title,L5 333 80,0,shopify,5,deny,manual,6900.00,TRUE,TRUE,https://cdn.shopify.com/s/files/1/0701/4472/0949/files/Screenshot2026-01-16at20.06.11.png,1,CAN-Tronic Suspension Module - Lamborghini Urus & Urus S - L5 333 80 - Novitec,FALSE,active
novitec-urus-l5-333-80,,,,,,,,,,,,,,,,,,https://cdn.shopify.com/s/files/1/0701/4472/0949/files/Screenshot2026-01-16at20.06.41.png,2,CAN-Tronic Suspension Module - Lamborghini Urus & Urus S - L5 333 80 - Novitec,,
novitec-revuelto-l4-444-35,"NL6 Forged Aluminium Wheel Set with Central lock - Lamborghini Revuelto - L4 444 35, 31/41 - Novitec","<h4>Description</h4> <p>The <strong>NOVITEC NL6 Forged Aluminium Wheel Set – Central Lock LOOK</strong> for the <strong>Lamborghini Revuelto</strong> combines cutting-edge forged engineering with a distinctive center-lock inspired design. Developed specifically for the Revuelto, the NL6 wheels enhance steering precision, stability, and overall driving performance while delivering a bold and race-oriented appearance.</p> <p>Optimized for the Revuelto’s hybrid V12 platform, the NL6 forged wheels offer an exceptional strength-to-weight ratio and uncompromising visual impact.</p> <h4>Compatibility</h4> <p>Lamborghini Revuelto</p> <h4>Key Features</h4> <ul> <li> <p>Forged aluminium wheel set NL6</p> </li> <li> <p>Central Lock LOOK design</p> </li> <li> <p>Lightweight forged construction</p> </li> <li> <p>Developed specifically for Lamborghini Revuelto</p> </li> <li> <p>Precision fitment for front and rear axles</p> </li> <li> <p>Available with or without tyres</p> </li> </ul> <h4>Wheel Specifications</h4> <p><strong>Front Axle</strong><br>9.5J x 21""</p> <p><strong>Rear Axle</strong><br>12.5J x 22""</p> <h4>Tyre Options</h4> <p><strong>With Tyres</strong></p> <ul> <li> <p>Front: 265/30 R21</p> </li> <li> <p>Rear: 355/25 R22</p> </li> </ul> <p><strong>Without Tyres</strong></p> <ul> <li> <p>Wheels supplied without tyres</p> </li> </ul> <h4>Technical Details</h4> <ul> <li> <p>Manufacturer: NOVITEC</p> </li> <li> <p>Wheel Type: Forged Aluminium</p> </li> <li> <p>Model: NL6</p> </li> <li> <p>Design: Central Lock LOOK</p> </li> <li> <p>Quantity: Complete wheel set (front and rear)</p> </li> </ul> <h4>Installation</h4> <p>Professional installation and wheel alignment are strongly recommended.</p> <h4>Part Numbers</h4> <p><strong>With Tyres</strong></p> <ul> <li> <p>L4 444 35</p> </li> </ul> <p><strong>Without Tyr",Novitec,Wheels,"brand_novitec, car_lamborghini, category_wheels, condition_new, install_available, model_revuelto, pricing_buy_now",TRUE,Variant,With Tyres,L4 444 35,0,shopify,1,deny,manual,79900.00,TRUE,TRUE,https://cdn.shopify.com/s/files/1/0701/4472/0949/files/Screenshot2026-01-22at12.43.53.png,1,"NL6 Forged Aluminium Wheel Set with Central lock - Lamborghini Revuelto - L4 444 35, 31/41 - Novitec",FALSE,active
novitec-revuelto-l4-444-35,,,,,,,,Without Tyres,L4 444 31/41,0,shopify,5,deny,manual,69900.00,TRUE,TRUE,,,,,
novitec-revuelto-l4-444-35,,,,,,,,,,,,,,,,,,https://cdn.shopify.com/s/files/1/0701/4472/0949/files/Screenshot_2026-02-23_at_16.35.55.png,2,"NL6 Forged Aluminium Wheel Set with Central lock - Lamborghini Revuelto - L4 444 35, 31/41 - Novitec",,
novitec-revuelto-l4-444-25,"NL5 Forged Aluminium Wheel Set with Central lock - Lamborghini Revuelto - L4 444 25, 11/21 - Novitec","<h4>Description</h4> <p>The <strong>NOVITEC NL5 Forged Aluminium Wheel Set – Central Lock LOOK</strong> for the <strong>Lamborghini Revuelto</strong> combines lightweight forged performance with a bold motorsport-inspired center-lock design. Developed specifically for the Revuelto, the NL5 wheels enhance steering precision, high-speed stability, and overall driving dynamics while delivering a striking and aggressive appearance.</p> <p>Engineered to complement the Revuelto’s advanced hybrid V12 platform, this forged wheel set provides optimal strength-to-weight ratio and uncompromising visual presence.</p> <h4>Compatibility</h4> <p>Lamborghini Revuelto</p> <h4>Key Features</h4> <ul> <li> <p>Forged aluminium wheel set NL5</p> </li> <li> <p>Central Lock LOOK design</p> </li> <li> <p>Lightweight construction for improved handling and agility</p> </li> <li> <p>Developed specifically for Lamborghini Revuelto</p> </li> <li> <p>Precision fitment for front and rear axles</p> </li> <li> <p>Available with or without tyres</p> </li> </ul> <h4>Wheel Specifications</h4> <p><strong>Front Axle</strong><br>9.5J x 21""</p> <p><strong>Rear Axle</strong><br>12.5J x 22""</p> <h4>Tyre Options</h4> <p><strong>With Tyres</strong></p> <ul> <li> <p>Front: 265/30 R21</p> </li> <li> <p>Rear: 355/25 R22</p> </li> </ul> <p><strong>Without Tyres</strong></p> <ul> <li> <p>Wheels supplied without tyres</p> </li> </ul> <h4>Technical Details</h4> <ul> <li> <p>Manufacturer: NOVITEC</p> </li> <li> <p>Wheel Type: Forged Aluminium</p> </li> <li> <p>Model: NL5</p> </li> <li> <p>Design: Central Lock LOOK</p> </li> <li> <p>Quantity: Complete wheel set (front and rear)</p> </li> </ul> <h4>Installation</h4> <p>Professional installation and wheel alignment are strongly recommended.</p> <h4>Part Numbers</h4> <p><strong>With Tyres</strong></p> <ul> <li> <p dat",Novitec,Wheels,"brand_novitec, car_lamborghini, category_wheels, condition_new, install_available, model_revuelto, pricing_buy_now",TRUE,Variant,With Tyres,L4 444 25,0,shopify,1,deny,manual,79900.00,TRUE,TRUE,https://cdn.shopify.com/s/files/1/0701/4472/0949/files/Screenshot2026-01-22at12.44.13.png,1,"NL5 Forged Aluminium Wheel Set with Central lock - Lamborghini Revuelto - L4 444 25, 11/21 - Novitec",FALSE,active
novitec-revuelto-l4-444-25,,,,,,,,Without Tyres,L4-444-11/21,0,shopify,1,deny,manual,69900.00,TRUE,TRUE,,,,,
novitec-revuelto-l4-444-25,,,,,,,,,,,,,,,,,,https://cdn.shopify.com/s/files/1/0701/4472/0949/files/Screenshot_2026-02-23_at_16.35.26.png,2,"NL5 Forged Aluminium Wheel Set with Central lock - Lamborghini Revuelto - L4 444 25, 11/21 - Novitec",,
novitec-mclaren-750s-c6-750-67,Rear Diffusor - McLaren 750S Coupé & Spider - C6 750 67 - Novitec,"<h4>Description</h4> <p>The <strong>NOVITEC Rear Diffuser</strong> for the <strong>McLaren 750S Coupé &amp; Spider</strong> enhances rear aerodynamics while delivering a sharper and more aggressive motorsport-inspired appearance. Developed specifically for the 750S, the diffuser improves airflow management at the rear axle and reinforces the vehicle’s high-performance character.</p> <p>Manufactured from visible carbon fiber, the diffuser combines lightweight construction with a premium high-gloss finish, perfectly complementing the dynamic design language of the McLaren 750S.</p> <h4>Compatibility</h4> <p>McLaren 750S <strong>Coupé</strong><br>McLaren 750S <strong>Spider</strong></p> <h4>Key Features</h4> <ul> <li> <p>Rear diffuser</p> </li> <li> <p>Manufactured from visible carbon fiber</p> </li> <li> <p>Enhances rear aerodynamics and styling</p> </li> <li> <p>Improves airflow management</p> </li> <li> <p>Developed specifically for McLaren 750S</p> </li> <li> <p>Precision-engineered for OEM-level fitment</p> </li> </ul> <h4>Technical Details</h4> <ul> <li> <p>Manufacturer: NOVITEC</p> </li> <li> <p>Product Type: Rear Diffuser</p> </li> <li> <p>Material: Visible Carbon Fiber</p> </li> <li> <p>Finish: High-gloss exposed carbon</p> </li> </ul> <h4>Installation</h4> <p>Professional installation is strongly recommended.</p> <h4>Part Number</h4> <ul> <li> <p>C6 750 67</p> </li> </ul> <h4>Special Order</h4> <p>Lead time approximately <strong>4–6 weeks</strong></p>",Novitec,Aerodynamics,"brand_novitec, car_mclaren, category_aerodynamic, condition_new, install_available, model_750s, pricing_buy_now",TRUE,Variant,Visible Carbon,C6 750 67,0,shopify,1,deny,manual,26900.00,TRUE,TRUE,https://cdn.shopify.com/s/files/1/0701/4472/0949/files/Screenshot2026-01-21at10.00.40.png,1,Rear Diffusor - McLaren 750S Coupé & Spider - C6 750 67 - Novitec,FALSE,active
novitec-mclaren-750s-c6-750-67,,,,,,,,Forged Carbon,C6 750 67,0,shopify,2,deny,manual,26900.00,TRUE,TRUE,,,,,
novitec-mclaren-750s-c6-750-67,,,,,,,,,,,,,,,,,,https://cdn.shopify.com/s/files/1/0701/4472/0949/files/Screenshot_2026-01-21_at_13.54.01.png,2,Rear Diffusor - McLaren 750S Coupé & Spider - C6 750 67 - Novitec,,
novitec-mclaren-750s-c6-750-67,,,,,,,,,,,,,,,,,,https://cdn.shopify.com/s/files/1/0701/4472/0949/files/Screenshot_2026-01-15_at_00.30.11_df9037c1-74d2-4b4b-b857-33ba5b67e150.png,3,Rear Diffusor - McLaren 750S Coupé & Spider - C6 750 67 - Novitec,,
novitec-mclaren-750s-c6-750-61,Side Panels (Set) - McLaren 750S Coupé & Spider - C6 750 61 - Novitec,"<h4>Description</h4> <p>The <strong>NOVITEC Side Panels (Set)</strong> for the <strong>McLaren 750S Coupé &amp; Spider</strong> enhance the vehicle’s side profile with a sharper and more aggressive appearance. Designed to integrate seamlessly with the factory bodywork, these panels emphasize the aerodynamic lines of the 750S while adding a distinctive motorsport-inspired carbon finish.</p> <p>Manufactured from visible carbon fiber, the set combines lightweight construction with a premium high-gloss surface, perfectly complementing the performance-focused character of the McLaren 750S.</p> <h4>Compatibility</h4> <p>McLaren 750S <strong>Coupé</strong><br>McLaren 750S <strong>Spider</strong></p> <h4>Key Features</h4> <ul> <li> <p>Side panels (set)</p> </li> <li> <p>Manufactured from visible carbon fiber</p> </li> <li> <p>Enhances side profile and aerodynamic styling</p> </li> <li> <p>Developed specifically for McLaren 750S</p> </li> <li> <p>Lightweight construction</p> </li> <li> <p>Precision-engineered for OEM-level fitment</p> </li> </ul> <h4>Technical Details</h4> <ul> <li> <p>Manufacturer: NOVITEC</p> </li> <li> <p>Product Type: Side Panels (Set)</p> </li> <li> <p>Material: Visible Carbon Fiber</p> </li> <li> <p>Finish: High-gloss exposed carbon</p> </li> </ul> <h4>Installation</h4> <p>Professional installation is strongly recommended.</p> <h4>Part Number</h4> <ul> <li> <p>C6 750 61</p> </li> </ul> <h4>Special Order</h4> <p>Lead time approximately <strong>4–6 weeks</strong></p>",Novitec,Aerodynamics,"brand_novitec, car_mclaren, category_aerodynamic, condition_new, install_available, model_750s, pricing_buy_now",TRUE,Variant,Visible Carbon,C6 750 61,0,shopify,2,deny,manual,22900.00,TRUE,TRUE,https://cdn.shopify.com/s/files/1/0701/4472/0949/files/Screenshot2026-01-21at09.57.31.png,1,Side Panels (Set) - McLaren 750S Coupé & Spider - C6 750 61 - Novitec,FALSE,active
novitec-mclaren-750s-c6-750-61,,,,,,,,Forged Carbon,C6 750 61,0,shopify,5,deny,manual,22900.00,TRUE,TRUE,,,,,
novitec-mclaren-750s-c6-750-61,,,,,,,,,,,,,,,,,,https://cdn.shopify.com/s/files/1/0701/4472/0949/files/Screenshot2026-01-21at09.57.51.png,2,Side Panels (Set) - McLaren 750S Coupé & Spider - C6 750 61 - Novitec,,
novitec-mclaren-750s-c6-750-61,,,,,,,,,,,,,,,,,,https://cdn.shopify.com/s/files/1/0701/4472/0949/files/Screenshot_2026-01-15_at_00.30.11_df9037c1-74d2-4b4b-b857-33ba5b67e150.png,3,Side Panels (Set) - McLaren 750S Coupé & Spider - C6 750 61 - Novitec,,
novitec-exhaust-system-race-gtr-inconel-heat-protected-incl-novitronic-senna,"Power-Optimized Exhaust System RACE GTR - McLaren Senna - C1 888 10, 75 - Novitec","<h4><span style=""font-size: 0.875rem;"">Description</span></h4> <p>The <strong>NOVITEC Power-Optimized Exhaust System RACE GTR</strong> for the <strong>McLaren Senna</strong> is engineered for uncompromising performance and extreme motorsport character. Developed specifically for the Senna’s high-revving twin-turbo V8, the RACE GTR system optimizes exhaust flow, reduces backpressure, and delivers an aggressive, track-focused sound experience.</p> <p>Manufactured from lightweight INCONEL and fully covered with high-temperature heat protection, this system ensures maximum durability under extreme thermal loads. The exhaust includes the NOVITRONIC control module for seamless integration with the vehicle’s electronics.</p> <h4>Compatibility</h4> <p>McLaren Senna</p> <h4>Key Features</h4> <ul> <li> <p>Power-optimized RACE GTR exhaust system</p> </li> <li> <p>Lightweight INCONEL construction</p> </li> <li> <p>Complete high-temperature heat protection</p> </li> <li> <p>Enhanced exhaust flow and throttle response</p> </li> <li> <p>Extreme motorsport-inspired sound character</p> </li> <li> <p>Includes NOVITRONIC control module</p> </li> <li> <p>Developed specifically for McLaren Senna</p> </li> </ul> <h4>Available Versions</h4> <p><strong>INCONEL – Heat-Protected (Including NOVITRONIC)</strong></p> <ul> <li> <p>Lightweight high-performance INCONEL</p> </li> <li> <p>Covered with high-temperature heat protection</p> </li> <li> <p>Maximum durability and thermal stability</p> </li> <li> <p>Includes NOVITRONIC</p> </li> </ul> <p><strong>INCONEL – Gold-Plated (999 Fine Gold, Including NOVITRONIC)</strong></p> <ul> <li> <p>Lightweight INCONEL construction</p> </li> <li> <p>Covered with high-temperature heat protection</p> </li> <li> <p>Gold-plated with 999 fine gold</p> </li> <li> <p>Maximum thermal efficiency</p> </li> <li> <p>Exclusive motorsport appearance</p> </li> <li> <p>Includes NOVITRONIC</p> </li> </ul> <h4><strong>Technical Details</strong></h4> <ul> <li> <p>Manufacturer: NOVITEC</p> </li> <li> <p>Product Type:",Novitec,Exhaust,"brand_novitec, car_mclaren, category_exhaust, condition_new, install_available, model_senna, pricing_buy_now",TRUE,Variant,Inconel,C1 888 10,0,shopify,1,deny,manual,34900.00,TRUE,TRUE,https://cdn.shopify.com/s/files/1/0701/4472/0949/files/Screenshot2026-01-23at21.42.56.png,1,"Power-Optimized Exhaust System RACE GTR - McLaren Senna - C1 888 10, 75 - Novitec",FALSE,active
novitec-exhaust-system-race-gtr-inconel-heat-protected-incl-novitronic-senna,,,,,,,,Inconel Gold 999,C1 888 75,0,shopify,4,deny,manual,44900.00,TRUE,TRUE,,,,,
novitec-exhaust-system-race-gtr-inconel-heat-protected-incl-novitronic-senna,,,,,,,,,,,,,,,,,,https://cdn.shopify.com/s/files/1/0701/4472/0949/files/Screenshot2026-01-23at21.43.15.png,2,"Power-Optimized Exhaust System RACE GTR - McLaren Senna - C1 888 10, 75 - Novitec",,
novitec-exhaust-system-race-gtr-inconel-heat-protected-incl-novitronic-senna,,,,,,,,,,,,,,,,,,https://cdn.shopify.com/s/files/1/0701/4472/0949/files/Screenshot_2026-02-24_at_15.17.51.png,3,"Power-Optimized Exhaust System RACE GTR - McLaren Senna - C1 888 10, 75 - Novitec",,
novitec-sport-metal-catalysts-heat-protected-mclaren-750s,Sport Metal Catalysts (Set) - McLaren 750S Coupé & Spider - C1 750 60/65 - Novitec,"<h4>Description</h4> <p>The <strong>NOVITEC Sport Metal Catalysts (Set)</strong> for the <strong>McLaren 750S Coupé &amp; Spider</strong> are engineered to maximize exhaust efficiency and enhance overall engine performance. Featuring <strong>100-cell Zeller sport metal catalysts</strong>, the system significantly reduces exhaust back pressure while improving throttle response and power delivery.</p> <p>Designed for use with both NOVITEC and original factory exhaust systems, all versions are covered with high-temperature heat protection to ensure durability under extreme thermal loads.</p> <h4>Compatibility</h4> <p>McLaren 750S <strong>Coupé</strong><br>McLaren 750S <strong>Spider</strong><br>Compatible with <strong>NOVITEC exhaust systems</strong> and <strong>original factory exhaust systems</strong></p> <h4>Key Features</h4> <ul> <li> <p>100-cell Zeller sport metal catalysts</p> </li> <li> <p>Reduced exhaust back pressure</p> </li> <li> <p>Improved throttle response and engine performance</p> </li> <li> <p>Designed for use with NOVITEC and original exhaust systems</p> </li> <li> <p>Covered with high-temperature heat protection</p> </li> <li> <p>Developed specifically for McLaren 750S</p> </li> <li> <p>Direct replacement installation</p> </li> </ul> <h4>Available Versions</h4> <p><strong>Heat-Protected</strong></p> <ul> <li> <p>100-cell Zeller sport metal catalysts</p> </li> <li> <p>Covered with high-temperature heat protection</p> </li> <li> <p>Optimized durability and performance</p> </li> </ul> <p><strong>Gold-Plated (999 Fine Gold)</strong></p> <ul> <li> <p>100-cell Zeller sport metal catalysts</p> </li> <li> <p>Covered with high-temperature heat protection</p> </li> <li> <p>Gold-plated with 999 fine gold</p> </li> <li> <p>Maximum thermal efficiency</p> </li> <li> <p>Reduced heat radiation and exclusive motorsport appearance</p> </li> </ul> <h4>Technical Details</h4> <ul> <li> <p>Manufacturer: NOVITEC</p> </li> <li> <p data-sta",Novitec,Exhaust,"brand_novitec, car_mclaren, category_exhaust, condition_new, install_available, model_750s, pricing_buy_now",TRUE,Variant,Regular,C1 750 60,0,shopify,3,deny,manual,27900.00,TRUE,TRUE,https://cdn.shopify.com/s/files/1/0701/4472/0949/files/Screenshot2026-01-21at09.53.22.png,1,Sport Metal Catalysts (Set) - McLaren 750S Coupé & Spider - C1 750 60/65 - Novitec,FALSE,active
novitec-sport-metal-catalysts-heat-protected-mclaren-750s,,,,,,,,Gold Plated 999,C1 750 65,0,shopify,4,deny,manual,35865.00,TRUE,TRUE,,,,,
novitec-sport-metal-catalysts-heat-protected-mclaren-750s,,,,,,,,,,,,,,,,,,https://cdn.shopify.com/s/files/1/0701/4472/0949/files/Screenshot_2026-02-25_at_11.52.09.png,2,Sport Metal Catalysts (Set) - McLaren 750S Coupé & Spider - C1 750 60/65 - Novitec,,
novitec-mclaren-750s-c5-750-10,Sport Spring Set - McLaren 750S Coupé & Spider - C5 750 10 - Novitec,"<h4>Description</h4> <p>The <strong>NOVITEC Sport Spring Set</strong> for the <strong>McLaren 750S Coupé &amp; Spider</strong> enhances handling dynamics while delivering a lower and more aggressive stance. Developed specifically for the 750S, the spring set reduces ride height to improve center of gravity, high-speed stability, and overall driving precision.</p> <p>Engineered to work in combination with the original factory suspension, the system maintains everyday usability while reinforcing the performance-focused character of the McLaren 750S.</p> <h4>Compatibility</h4> <p>McLaren 750S <strong>Coupé</strong><br>McLaren 750S <strong>Spider</strong></p> <h4>Key Features</h4> <ul> <li> <p>Sport spring set for suspension lowering</p> </li> <li> <p>Designed for use with the original factory suspension</p> </li> <li> <p>Lowered ride height for enhanced stance</p> </li> <li> <p>Improved handling stability and reduced body roll</p> </li> <li> <p>Developed specifically for McLaren 750S</p> </li> <li> <p>Precision-engineered for OEM-level integration</p> </li> </ul> <h4>Technical Details</h4> <ul> <li> <p>Manufacturer: NOVITEC</p> </li> <li> <p>Product Type: Sport Spring Set</p> </li> <li> <p>Application: Lowering springs</p> </li> <li> <p>Suspension: Designed for original factory suspension</p> </li> </ul> <h4>Installation</h4> <p>Professional installation and wheel alignment are strongly recommended.</p> <h4>Part Number</h4> <ul> <li> <p>C5 750 10</p> </li> </ul> <h4>Special Order</h4> <p>Lead time approximately <strong>4–6 weeks</strong></p>",Novitec,Suspension,"brand_novitec, car_mclaren, category_suspension, condition_new, install_available, model_750s, pricing_buy_now",TRUE,Title,Default Title,C5 750 10,0,shopify,5,deny,manual,4900.00,TRUE,TRUE,https://cdn.shopify.com/s/files/1/0701/4472/0949/files/Screenshot2026-01-21at09.55.53.png,1,Sport Spring Set - McLaren 750S Coupé & Spider - C5 750 10 - Novitec,FALSE,active
novitec-mclaren-750s-c5-750-11,Aluminium Wheel Spacers - McLaren 750S Coupé & Spider - C5 750 11/15 - Novitec,"<h4>Description</h4> <p>The <strong>NOVITEC Aluminium Wheel Spacers</strong> for the <strong>McLaren 750S Coupé &amp; Spider</strong> are engineered to enhance stance, stability, and visual presence. Manufactured from high-strength aluminium and corrosion-protected through anodizing, these spacers ensure durability, precise fitment, and long-term reliability under demanding driving conditions.</p> <p>By widening the track width, the spacers improve handling stability and give the 750S a more aggressive and planted appearance while maintaining OEM-level integration.</p> <h4>Compatibility</h4> <p>McLaren 750S <strong>Coupé</strong><br>McLaren 750S <strong>Spider</strong></p> <h4>Key Features</h4> <ul> <li> <p>Aluminium wheel spacers set (2 pieces)</p> </li> <li> <p>High-strength aluminium construction</p> </li> <li> <p>Corrosion-protected through anodized finish</p> </li> <li> <p>Enlarged track width for improved stability and stance</p> </li> <li> <p>Precision-engineered for OEM-level fitment</p> </li> <li> <p>Includes complete mounting material</p> </li> <li> <p>Available in 11 mm and 15 mm versions</p> </li> </ul> <h4>Available Versions</h4> <p><strong>Spacer 11 mm</strong></p> <ul> <li> <p>Enlarged track width by 22 mm per axle</p> </li> <li> <p>Set of 2 pieces including mounting material</p> </li> </ul> <p><strong>Spacer 15 mm</strong></p> <ul> <li> <p>Enlarged track width by 30 mm per axle</p> </li> <li> <p>Set of 2 pieces including mounting material</p> </li> </ul> <h4>Technical Details</h4> <ul> <li> <p>Manufacturer: NOVITEC</p> </li> <li> <p>Product Type: Wheel Spacers</p> </li> <li> <p>Material: High-strength aluminium</p> </li> <li> <p>Finish: Anodized</p> </li> <li> <p>Quantity: Set of 2 pieces (including mounting material)</p> </li> </ul> <h4>Installation</h4> <p>Professional installation and wheel alignment are strongly recommended.</p> <h4>Part Numbers</h4> <p><stro",Novitec,Suspension,"brand_novitec, car_mclaren, category_suspension, condition_new, install_available, model_750s, pricing_buy_now",TRUE,Variant,Spacers 11mm,C5 750 11,0,shopify,2,deny,manual,1900.00,TRUE,TRUE,https://cdn.shopify.com/s/files/1/0701/4472/0949/files/Screenshot2026-01-21at09.56.19.png,1,Aluminium Wheel Spacers - McLaren 750S Coupé & Spider - C5 750 11/15 - Novitec,FALSE,active
novitec-mclaren-750s-c5-750-11,,,,,,,,Spacers 15mm,C5 750 15,0,shopify,5,deny,manual,2100.00,TRUE,TRUE,,,,,
novitec-set-wheels-tyres-type-mc3-forged-central-lock-solid-colors-senna,"MC3 Forged Wheel Set with Central-Lock - McLaren Senna - C4 888 01, 80/81 - Novitec","<h4>Description</h4> <p>The <strong>NOVITEC MC3 Forged Wheel Set – Central Lock LOOK</strong> for the <strong>McLaren Senna</strong> combines ultra-lightweight forged construction with a distinctive motorsport-inspired center-lock design. Developed specifically for the Senna, this wheel set enhances steering precision, high-speed stability, and overall driving dynamics while maintaining the aggressive track-focused character of the vehicle.</p> <p>Engineered for optimal strength-to-weight ratio, the MC3 forged wheels deliver uncompromising performance and a bold, race-inspired appearance.</p> <h2></h2> <h4>Compatibility</h4> <p>McLaren Senna</p> <h4>Key Features</h4> <ul> <li> <p>Forged aluminium wheel set MC3</p> </li> <li> <p>Central Lock LOOK design</p> </li> <li> <p>Lightweight forged construction</p> </li> <li> <p>Developed specifically for McLaren Senna</p> </li> <li> <p>Precision fitment for front and rear axles</p> </li> <li> <p>Available with or without tyres</p> </li> </ul> <h4>Wheel Specifications</h4> <p><strong>Front Axle</strong><br>9.0J x 20""</p> <p><strong>Rear Axle</strong><br>12.0J x 21""</p> <h4>Tyre Options</h4> <p><strong>With Tyres</strong></p> <ul> <li> <p>Front: 255/30 R20</p> </li> <li> <p>Rear: 325/25 R21</p> </li> </ul> <p><strong>Without Tyres</strong></p> <ul> <li> <p>Wheels supplied without tyres</p> </li> </ul> <h4>Technical Details</h4> <ul> <li> <p>Manufacturer: NOVITEC</p> </li> <li> <p>Wheel Type: Forged Aluminium</p> </li> <li> <p>Model: MC3</p> </li> <li> <p>Design: Central Lock LOOK</p> </li> <li> <p>Quantity: Complete wheel set (front and rear)</p> </li> </ul> <h4>Installation</h4> <p>Professional installation and wheel alignment are strongly recommended.</p> <h4>Part Numbers</h4> <p><strong>With Tyres</strong></p> <ul> <li> <p>C4 888 01</p> </li> </ul> <p data-start=""1585",Novitec,Wheels,"brand_novitec, car_mclaren, category_wheels, condition_new, install_available, model_senna, pricing_buy_now",TRUE,Variant,With Tyres,C4 888 01,0,shopify,2,deny,manual,64900.00,TRUE,TRUE,https://cdn.shopify.com/s/files/1/0701/4472/0949/files/Screenshot2026-01-23at21.46.57.png,1,"MC3 Forged Wheel Set with Central-Lock - McLaren Senna - C4 888 01, 80/81 - Novitec",FALSE,active
novitec-set-wheels-tyres-type-mc3-forged-central-lock-solid-colors-senna,,,,,,,,Without Tyres,C4 888 80/81,0,shopify,6,deny,manual,54900.00,TRUE,TRUE,,,,,
novitec-set-wheels-tyres-type-mc3-forged-central-lock-solid-colors-senna,,,,,,,,,,,,,,,,,,https://cdn.shopify.com/s/files/1/0701/4472/0949/files/Screenshot2026-01-23at21.47.19.png,2,"MC3 Forged Wheel Set with Central-Lock - McLaren Senna - C4 888 01, 80/81 - Novitec",,
novitec-set-wheels-tyres-type-mc3-forged-central-lock-solid-colors-senna,,,,,,,,,,,,,,,,,,https://cdn.shopify.com/s/files/1/0701/4472/0949/files/Screenshot_2026-02-24_at_15.58.11.png,3,"MC3 Forged Wheel Set with Central-Lock - McLaren Senna - C4 888 01, 80/81 - Novitec",,
novitec-mclaren-750s-c4-750-82,MC3 Forged Wheel Set with Central Lock - McLaren 750S Coupé & Spider - C4 750 82/ 80/81 - Novitec,"<h4>Description</h4> <p>The <strong>NOVITEC MC3 Forged Wheel Set – Central Lock LOOK</strong> for the <strong>McLaren 750S Coupé &amp; Spider</strong> combines ultra-lightweight forged construction with a distinctive motorsport-inspired center-lock design. Developed specifically for the 750S, this wheel set enhances steering precision, high-speed stability, and overall driving dynamics while maintaining the aggressive performance character of the vehicle.</p> <p>Engineered for an optimal strength-to-weight ratio, the MC3 forged wheels deliver uncompromising performance and a bold, race-inspired appearance.</p> <h4>Compatibility</h4> <p>McLaren 750S <strong>Coupé</strong><br>McLaren 750S <strong>Spider</strong></p> <h4>Key Features</h4> <ul> <li> <p>Forged aluminium wheel set MC3</p> </li> <li> <p>Central Lock LOOK design</p> </li> <li> <p>Lightweight forged construction</p> </li> <li> <p>Developed specifically for McLaren 750S</p> </li> <li> <p>Precision fitment for front and rear axles</p> </li> <li> <p>Available with or without tyres</p> </li> </ul> <h4>Wheel Specifications</h4> <p><strong>Front Axle</strong><br>9.0J x 20""</p> <p><strong>Rear Axle</strong><br>12.0J x 21""</p> <h4>Tyre Options</h4> <h3>With Tyres</h3> <ul> <li> <p>Front: 255/30 R20</p> </li> <li> <p>Rear: 325/25 R21</p> </li> </ul> <h3>Without Tyres</h3> <ul> <li> <p>Wheels supplied without tyres</p> </li> </ul> <h4>Technical Details</h4> <ul> <li> <p>Manufacturer: NOVITEC</p> </li> <li> <p>Wheel Type: Forged Aluminium</p> </li> <li> <p>Model: MC3</p> </li> <li> <p>Design: Central Lock LOOK</p> </li> <li> <p>Quantity: Complete wheel set (front and rear)</p> </li> </ul> <h4>Installation</h4> <p>Professional installation and wheel alignment are strongly recommended.</p> <h4>Part Numbers</h4> <p><strong>With Tyres</strong></p> <ul data-st",Novitec,Wheels,"brand_novitec, car_mclaren, category_wheels, condition_new, install_available, model_750s, pricing_buy_now",TRUE,Variant,With Tyres,C4 750 82,0,shopify,3,deny,manual,69900.00,TRUE,TRUE,https://cdn.shopify.com/s/files/1/0701/4472/0949/files/Screenshot2026-01-21at09.54.43.png,1,MC3 Forged Wheel Set with Central Lock - McLaren 750S Coupé & Spider - C4 750 82/ 80/81 - Novitec,FALSE,active
novitec-mclaren-750s-c4-750-82,,,,,,,,Without Tyres,C4 750 80/81,0,shopify,4,deny,manual,59900.00,TRUE,TRUE,,,,,
novitec-mclaren-750s-c4-750-82,,,,,,,,,,,,,,,,,,https://cdn.shopify.com/s/files/1/0701/4472/0949/files/Screenshot_2026-02-25_at_14.01.26.png,2,MC3 Forged Wheel Set with Central Lock - McLaren 750S Coupé & Spider - C4 750 82/ 80/81 - Novitec,,
porsche-911-992-gt3-oem-rear-muffler-silencer-black-tips-used,Porsche 911 992 GT3 OEM Rear Muffler Exhaust Silencer - 9GT251697H - Used,"<p>Used Porsche 911 992 GT3 OEM rear muffler / exhaust silencer with black tips. Genuine OEM used part, actual item shown in the photos.</p> <p>This is a used Porsche 911 992 GT3 OEM rear muffler / exhaust silencer assembly, visible part number 9GT.251.697.H. The listing is for the actual part shown in the photos.</p> <ul> <li> <strong>Vehicle fitment reference:</strong> Porsche 911 992 GT3 / GT3 RS / GT3 Touring / S/T related 992 GT cars</li> <li> <strong>Part category:</strong> OEM rear muffler / exhaust silencer with black dual center tailpipes</li> <li> <strong>Visible part number:</strong> 9GT.251.697.H</li> <li> <strong>Internal SKU:</strong> LXP03-003-001</li> <li> <strong>Condition:</strong> Used</li> <li> <strong>Price:</strong> AED 18,500</li> </ul> <p>The muffler includes the visible exhaust body, black dual center tailpipes, pipe openings, mounting points, and clamps/accessories only where clearly visible in the photos.</p> <p>Condition is used, with visible heat discoloration, normal exhaust wear, and storage/handling marks. Please review all photos carefully before purchase.</p> <p>Buyer must confirm compatibility using the visible part number <strong>9GT.251.697.H</strong>, VIN, model year, and exhaust configuration before ordering.</p>",Porsche,Exhaust / Muffler,"brand_porsche, car_porsche, category_exhaust, condition_used, install_available, model_911, pricing_buy_now",TRUE,Title,Default Title,LXP03-003-001,0,shopify,1,deny,manual,18500.00,TRUE,TRUE,https://cdn.shopify.com/s/files/1/0701/4472/0949/files/LXP03-003-001_customer_upload_01.jpg,1,Porsche 911 992 GT3 OEM Rear Muffler Exhaust Silencer - 9GT251697H - Used,FALSE,active
porsche-911-992-gt3-oem-rear-muffler-silencer-black-tips-used,,,,,,,,,,,,,,,,,,https://cdn.shopify.com/s/files/1/0701/4472/0949/files/LXP03-003-001_customer_upload_02.jpg,2,Porsche 911 992 GT3 OEM Rear Muffler Exhaust Silencer - 9GT251697H - Used,,
porsche-911-992-gt3-oem-rear-muffler-silencer-black-tips-used,,,,,,,,,,,,,,,,,,https://cdn.shopify.com/s/files/1/0701/4472/0949/files/LXP03-003-001_customer_upload_03.jpg,3,Porsche 911 992 GT3 OEM Rear Muffler Exhaust Silencer - 9GT251697H - Used,,
spofec-rearspoiler-visible-carbon-rolls-royce-cullinan-series-ii,Rear Spoiler - Rolls-Royce Cullinan - R6 333 02/ 04 - Novitec,"<h4>Description</h4> <p>The <strong>SPOFEC Rear Spoiler</strong> for the <strong>Rolls-Royce Cullinan Series I &amp; Series II</strong> enhances the vehicle’s rear profile with a refined yet sporty design. Developed to complement the Cullinan’s luxury SUV proportions, the spoiler adds subtle aerodynamic optimization while elevating overall visual presence.</p> <p>Available in two material configurations, the rear spoiler allows customization ranging from paint-matched elegance to a bold motorsport-inspired carbon finish.</p> <h4>Compatibility</h4> <p>Rolls-Royce Cullinan <strong>Series I</strong><br>Rolls-Royce Cullinan <strong>Series II</strong></p> <h4>Key Features</h4> <ul> <li> <p>Rear spoiler upgrade</p> </li> <li> <p>Enhances rear styling and aerodynamic balance</p> </li> <li> <p>Developed specifically for Rolls-Royce Cullinan</p> </li> <li> <p>Precision-engineered for OEM-level fitment</p> </li> <li> <p>Available in PU-RIM (paintable) or visible carbon</p> </li> </ul> <h4>Available Versions</h4> <p><strong>PU-RIM (Primed)</strong></p> <ul> <li> <p>Manufactured from high-quality PU-RIM</p> </li> <li> <p>Supplied primed for painting</p> </li> <li> <p>Ideal for paint-matching to vehicle body color</p> </li> </ul> <p><strong>Visible Carbon</strong></p> <ul> <li> <p>Manufactured from visible carbon fiber</p> </li> <li> <p>Lightweight construction</p> </li> <li> <p>Premium high-gloss motorsport-inspired finish</p> </li> </ul> <h4>Technical Details</h4> <ul> <li> <p>Manufacturer: SPOFEC by Novitec</p> </li> <li> <p>Product Type: Rear Spoiler</p> </li> <li> <p>Material: PU-RIM or Visible Carbon (depending on version)</p> </li> <li> <p>Finish: Primed (PU-RIM) or Exposed Carbon</p> </li> </ul> <h4>Installation</h4> <p>Professional installation and paint preparation (PU-RIM version) are recommended.</p> <h4>Part Numbers</h4> <p>PU-RIM (Primed)</p> <ul> <li> <",Novitec,Aerodynamics,"brand_novitec, brand_spofec, car_rolls_royce, category_aerodynamic, condition_new, install_available, model_cullinan_series_ii, pricing_buy_now",TRUE,Variant,Visible Carbon,R6 333 04,0,shopify,6,deny,manual,11900.00,TRUE,TRUE,https://cdn.shopify.com/s/files/1/0701/4472/0949/files/Screenshot2026-01-20at21.51.41.png,1,Rear Spoiler - Rolls-Royce Cullinan - R6 333 02/ 04 - Novitec,FALSE,active
spofec-rearspoiler-visible-carbon-rolls-royce-cullinan-series-ii,,,,,,,,Ready for paint,R6 333 02,0,shopify,1,deny,manual,6900.00,TRUE,TRUE,,,,,
spofec-rearspoiler-visible-carbon-rolls-royce-cullinan-series-ii,,,,,,,,,,,,,,,,,,https://cdn.shopify.com/s/files/1/0701/4472/0949/files/Screenshot2026-01-20at21.52.12.png,2,Rear Spoiler - Rolls-Royce Cullinan - R6 333 02/ 04 - Novitec,,
spofec-rearspoiler-visible-carbon-rolls-royce-cullinan-series-ii,,,,,,,,,,,,,,,,,,https://cdn.shopify.com/s/files/1/0701/4472/0949/files/Screenshot_2026-01-15_at_00.30.11_df9037c1-74d2-4b4b-b857-33ba5b67e150.png,3,Rear Spoiler - Rolls-Royce Cullinan - R6 333 02/ 04 - Novitec,,
spofec-aerodynamics-overdose-s-kit-pu-rim-cullinan-series-i,OVERDOSE S Widebody Kit - Rolls-Royce Cullinan - R6 333 03 - Novitec,"<h4>Description</h4> <p>The <strong>SPOFEC OVERDOSE S Widebody Kit</strong> for the <strong>Rolls-Royce Cullinan Series I</strong> delivers an even more aggressive and dominant interpretation of the Cullinan’s design. Engineered to dramatically enhance road presence and styling, the OVERDOSE S package transforms the vehicle with bold aerodynamic components while preserving Rolls-Royce luxury.</p> <p>All components are manufactured from high-quality PU-RIM material, ensuring durability, precise fitment, and seamless OEM-level integration.</p> <h4>Compatibility</h4> <p>Rolls-Royce Cullinan <strong>Series I</strong><br></p> <h4>Kit Includes</h4> <ul> <li> <p>Front bumper with integrated LED</p> </li> <li> <p>Grid inserts</p> </li> <li> <p>Rear bumper with tailpipe covers</p> </li> <li> <p>Rear diffuser</p> </li> <li> <p>Widebody kit (8 parts)</p> </li> <li> <p>Side panels</p> </li> <li> <p>Complete fixing material</p> </li> </ul> <p>(All parts manufactured from PU-RIM)</p> <h4>Key Features</h4> <ul> <li> <p>Complete OVERDOSE S widebody conversion</p> </li> <li> <p>Aggressive and performance-oriented styling</p> </li> <li> <p>Manufactured from high-quality PU-RIM</p> </li> <li> <p>Significantly enhanced vehicle width and presence</p> </li> <li> <p>Developed specifically for Rolls-Royce Cullinan</p> </li> <li> <p>Precision-engineered for OEM-level fitment</p> </li> <li> <p>Includes all required mounting hardware</p> </li> </ul> <h4>Technical Details</h4> <ul> <li> <p>Manufacturer: SPOFEC by Novitec</p> </li> <li> <p>Product Type: Widebody Kit</p> </li> <li> <p>Model: OVERDOSE S</p> </li> <li> <p>Material: PU-RIM</p> </li> <li> <p>Components: Front bumper, rear bumper, diffuser, widebody extensions, side panels</p> </li> <li> <p>Includes: Fixing material</p> </li> </ul> <h4>Installation</h4> <p>Professional installation and paint preparation are",Novitec,Aerodynamics,"brand_spofec, car_rolls_royce, category_aerodynamic, condition_new, install_available, model_cullinan, pricing_buy_now",TRUE,Title,Default Title,R6 333 03,0,shopify,4,deny,manual,164900.00,TRUE,TRUE,https://cdn.shopify.com/s/files/1/0701/4472/0949/files/Screenshot2026-01-23at23.02.21.png,1,OVERDOSE S Widebody Kit - Rolls-Royce Cullinan - R6 333 03 - Novitec,FALSE,active
spofec-aerodynamics-overdose-s-kit-pu-rim-cullinan-series-i,,,,,,,,,,,,,,,,,,https://cdn.shopify.com/s/files/1/0701/4472/0949/files/Screenshot2026-01-23at23.02.40.png,2,OVERDOSE S Widebody Kit - Rolls-Royce Cullinan - R6 333 03 - Novitec,,
spofec-cullinan-series-ii-r1-333-10,Power Optimized Exhaust with Flap Regulation - Rolls-Royce Cullinan - R1 333 10 - Novitec,"<h4>Description</h4> <p>The <strong>NOVITEC Power-Optimized Exhaust System with Flap Regulation</strong> for the <strong>Rolls-Royce Cullinan Series I &amp; Series II</strong> enhances performance while delivering a refined yet commanding exhaust sound. Engineered specifically for the Cullinan’s V12 engine, this system optimizes exhaust flow and reduces backpressure while maintaining the luxury driving experience expected from Rolls-Royce.</p> <p>The integrated flap regulation allows adjustable sound characteristics, offering a discreet tone during relaxed driving and a more powerful presence when desired.</p> <h4>Compatibility</h4> <p>Rolls-Royce Cullinan <strong>Series I</strong><br>Rolls-Royce Cullinan <strong>Series II</strong></p> <h4>Key Features</h4> <ul> <li> <p>Power-optimized exhaust system</p> </li> <li> <p>Integrated flap regulation (valved system)</p> </li> <li> <p>Adjustable exhaust sound characteristics</p> </li> <li> <p>Optimized exhaust flow and improved throttle response</p> </li> <li> <p>Developed specifically for Rolls-Royce Cullinan</p> </li> <li> <p>Maintains luxury driving comfort</p> </li> <li> <p>Direct replacement using factory mounting points</p> </li> </ul> <h4>Technical Details</h4> <ul> <li> <p>Manufacturer: NOVITEC</p> </li> <li> <p>Product Type: Exhaust System</p> </li> <li> <p>Version: Power-Optimized with flap regulation</p> </li> <li> <p>Material: Stainless Steel</p> </li> </ul> <h4>Installation</h4> <p>Professional installation is recommended.</p> <h4>Part Number</h4> <ul> <li> <p>R1 333 10</p> </li> </ul> <h4>Special Order</h4> <p>Lead time approximately <strong>4–6 weeks</strong></p>",Novitec,Exhaust,"brand_novitec, brand_spofec, car_rolls_royce, category_exhaust, condition_new, install_available, model_cullinan_series_ii, pricing_buy_now",TRUE,Title,Default Title,R1 333 10,0,shopify,6,deny,manual,26900.00,TRUE,TRUE,https://cdn.shopify.com/s/files/1/0701/4472/0949/files/Screenshot2026-01-20at21.45.35.png,1,Power Optimized Exhaust with Flap Regulation - Rolls-Royce Cullinan - R1 333 10 - Novitec,FALSE,active
spofec-cullinan-series-ii-r1-333-11,Power Optimized RACE Exhaust without Flap Regulation - Rolls-Royce Cullinan - R1 333 11 - Novitec,"<p> </p> <h4>Description</h4> <p>The <strong>NOVITEC Power-Optimized RACE Exhaust System</strong> for the <strong>Rolls-Royce Cullinan Series I &amp; Series II</strong> is engineered to deliver a more pronounced and performance-focused exhaust character. Developed specifically for the Cullinan’s V12 engine, this RACE version optimizes exhaust flow and reduces backpressure for enhanced responsiveness and a deeper, more dynamic sound profile.</p> <p>Without flap regulation, this system delivers a consistently sporty exhaust tone while maintaining precise OEM-level fitment and refinement.</p> <h4>Compatibility</h4> <p>Rolls-Royce Cullinan <strong>Series I</strong><br>Rolls-Royce Cullinan <strong>Series II</strong></p> <h4>Key Features</h4> <ul> <li> <p>Power-optimized RACE exhaust system</p> </li> <li> <p>Without flap regulation</p> </li> <li> <p>Enhanced exhaust flow and throttle response</p> </li> <li> <p>Consistent sporty exhaust sound</p> </li> <li> <p>Developed specifically for Rolls-Royce Cullinan</p> </li> <li> <p>Direct replacement using factory mounting points</p> </li> </ul> <h4>Technical Details</h4> <ul> <li> <p>Manufacturer: NOVITEC</p> </li> <li> <p>Product Type: Exhaust System</p> </li> <li> <p>Version: RACE (without flap regulation)</p> </li> <li> <p>Material: Stainless Steel</p> </li> </ul> <h4>Installation</h4> <p>Professional installation is recommended.</p> <h4>Part Number</h4> <ul> <li> <p>R1 333 11</p> </li> </ul> <h4>Special Order</h4> <p>Lead time approximately <strong>4–6 weeks</strong></p>",Novitec,Exhaust,"brand_novitec, brand_spofec, car_rolls_royce, category_exhaust, condition_new, install_available, model_cullinan_series_ii, pricing_buy_now",TRUE,Title,Default Title,R1 333 11,0,shopify,3,deny,manual,14900.00,TRUE,TRUE,https://cdn.shopify.com/s/files/1/0701/4472/0949/files/Screenshot2026-01-20at21.46.34.png,1,Power Optimized RACE Exhaust without Flap Regulation - Rolls-Royce Cullinan - R1 333 11 - Novitec,FALSE,active
spofec-can-tronic-suspension-module-lowering-40mm-cullinan-series-i,CAN-Tronic Suspension Module - Rolls-Royce Cullinan - R5 333 01 - Novitec,"<h4>Description</h4> <p>The <strong>SPOFEC CAN-Tronic Suspension Module</strong> for the <strong>Rolls-Royce Cullinan Series I &amp; Series II</strong> enables an electronic lowering of the vehicle by approximately 40 mm. Designed to work seamlessly with the factory suspension system, the module enhances stance, driving stability, and overall visual presence while preserving Rolls-Royce ride comfort.</p> <p>Integrated via the vehicle’s CAN-Bus system, CAN-Tronic ensures precise suspension control without permanent modifications.</p> <h4>Compatibility</h4> <p>Rolls-Royce Cullinan <strong>Series I</strong><br>Rolls-Royce Cullinan <strong>Series II</strong></p> <h4>Key Features</h4> <ul> <li> <p>Electronic suspension control module</p> </li> <li> <p>Lowers vehicle by approximately 40 mm</p> </li> <li> <p>CAN-Bus integration for seamless operation</p> </li> <li> <p>Improves stance and driving stability</p> </li> <li> <p>Maintains factory ride comfort and functionality</p> </li> <li> <p>Developed specifically for Rolls-Royce Cullinan</p> </li> </ul> <h4>Technical Details</h4> <ul> <li> <p>Manufacturer: SPOFEC by Novitec</p> </li> <li> <p>Product Type: Suspension Control Module</p> </li> <li> <p>System: CAN-Bus integrated</p> </li> <li> <p>Lowering Amount: Approx. 40 mm</p> </li> </ul> <h4>Installation</h4> <p>Professional installation is strongly recommended.</p> <h4>Part Number</h4> <ul> <li> <p>R5 333 01</p> </li> </ul> <h4>Special Order</h4> <p>Lead time approximately <strong>4–6 weeks</strong></p>",Novitec,Suspension,"brand_novitec, brand_spofec, car_rolls_royce, category_suspension, condition_new, install_available, model_cullinan, pricing_buy_now",TRUE,Title,Default Title,R5-333-01,0,shopify,4,deny,manual,11900.00,TRUE,TRUE,https://cdn.shopify.com/s/files/1/0701/4472/0949/files/Screenshot2026-01-23at23.00.53.png,1,CAN-Tronic Suspension Module - Rolls-Royce Cullinan - R5 333 01 - Novitec,FALSE,active
spofec-can-tronic-suspension-module-lowering-40mm-cullinan-series-i,,,,,,,,,,,,,,,,,,https://cdn.shopify.com/s/files/1/0701/4472/0949/files/Screenshot2026-01-23at23.01.15.png,2,CAN-Tronic Suspension Module - Rolls-Royce Cullinan - R5 333 01 - Novitec,,
spofec-cullinan-series-ii-r5-333-02,Lowering Kit  - Rolls-Royce Cullinan - R5 333 02 - Novitec,"<h4>Description</h4> <p>The <strong>SPOFEC Lowering Kit</strong> for the <strong>Rolls-Royce Cullinan Series II</strong> enhances driving dynamics and visual presence by lowering the vehicle by approximately 35 mm. Developed specifically for the Cullinan, this kit delivers a more athletic stance while maintaining the refined ride comfort expected from Rolls-Royce.</p> <p>The lowering improves center of gravity and handling stability, resulting in a more planted and confident driving experience without compromising luxury.</p> <h4>Compatibility</h4> <p>Rolls-Royce Cullinan <strong>Series II</strong><br></p> <h4>Key Features</h4> <ul> <li> <p>Suspension lowering kit</p> </li> <li> <p>Lowers vehicle by approximately 35 mm</p> </li> <li> <p>Improves stance and driving stability</p> </li> <li> <p>Maintains luxury ride comfort</p> </li> <li> <p>Developed specifically for Rolls-Royce Cullinan</p> </li> <li> <p>Precision-engineered for OEM-level integration</p> </li> </ul> <h4>Technical Details</h4> <ul> <li> <p>Manufacturer: SPOFEC by Novitec</p> </li> <li> <p>Product Type: Lowering Kit</p> </li> <li> <p>Lowering Amount: Approx. 35 mm</p> </li> </ul> <h4>Installation</h4> <p>Professional installation and wheel alignment are strongly recommended.</p> <h4>Part Number</h4> <ul> <li> <p>R5 333 02</p> </li> </ul> <h4>Special Order</h4> <p>Lead time approximately <strong>4–6 weeks</strong></p>",Novitec,Suspension,"brand_novitec, brand_spofec, car_rolls_royce, category_suspension, condition_new, install_available, model_cullinan_series_ii, pricing_buy_now",TRUE,Title,Default Title,R5 333 02,0,shopify,5,deny,manual,1900.00,TRUE,TRUE,https://cdn.shopify.com/s/files/1/0701/4472/0949/files/Screenshot2026-01-20at21.50.54.png,1,Lowering Kit  - Rolls-Royce Cullinan - R5 333 02 - Novitec,FALSE,active
spofec-cullinan-series-ii-r5-333-02,,,,,,,,,,,,,,,,,,https://cdn.shopify.com/s/files/1/0701/4472/0949/files/Screenshot2026-01-20at21.51.21.png,2,Lowering Kit  - Rolls-Royce Cullinan - R5 333 02 - Novitec,,
spofec-cullinan-series-ii-r4-333-19,SP4 Aluminium Wheel Set - Rolls-Royce Cullinan - R4 333 09/ 19 - Novitec,"<h4>Description</h4> <p>The <strong>SPOFEC SP4 Aluminium Wheel Set</strong> for the <strong>Rolls-Royce Cullinan Series I &amp; Series II</strong> combines bold luxury styling with a striking 24-inch design. Developed specifically for the Cullinan, the SP4 wheels enhance road presence while preserving ride comfort and refined performance.</p> <p>Finished in colors from the SPOFEC solid color range, the SP4 wheel set delivers a powerful yet elegant appearance tailored to the distinctive character of Rolls-Royce.</p> <h4>Compatibility</h4> <p>Rolls-Royce Cullinan <strong>Series I</strong><br>Rolls-Royce Cullinan <strong>Series II</strong></p> <h4>Key Features</h4> <ul> <li> <p>Aluminium wheel set SP4</p> </li> <li> <p>24-inch wheel configuration</p> </li> <li> <p>Developed specifically for Rolls-Royce Cullinan</p> </li> <li> <p>Enhances luxury presence and stance</p> </li> <li> <p>Finished in SPOFEC solid color range</p> </li> <li> <p>Available as wheels only or complete wheel/tyre set</p> </li> </ul> <h4>Available Versions</h4> <p><strong>Without Tyres</strong></p> <ul> <li> <p>10.0J x 24""</p> </li> <li> <p>Supplied without tyres</p> </li> </ul> <p><strong>Complete Set Wheels / Tyres</strong></p> <ul> <li> <p>10.0J x 24""</p> </li> <li> <p>Tyre size: 295/30 R24</p> </li> <li> <p>Ready-to-install wheel and tyre combination</p> </li> <li> <p>Finished in SPOFEC solid color range</p> </li> </ul> <h4>Technical Details</h4> <ul> <li> <p>Manufacturer: SPOFEC by Novitec</p> </li> <li> <p>Product Type: Aluminium Wheel Set</p> </li> <li> <p>Model: SP4</p> </li> <li> <p>Finish: Solid color range</p> </li> <li> <p>Quantity: Complete wheel set (front and rear)</p> </li> </ul> <h4>Installation</h4> <p>Professional installation and wheel alignment are recommended.</p> <h4>Part Numbers</h4> <p><strong>Without Tyres</strong",Novitec,Wheels,"brand_spofec, car_rolls_royce, category_wheels, condition_new, install_available, model_cullinan_series_ii, pricing_buy_now",TRUE,Variant,With Tyres,R4 333 19,0,shopify,1,deny,manual,80900.00,TRUE,TRUE,https://cdn.shopify.com/s/files/1/0701/4472/0949/files/Screenshot2026-01-20at21.49.36.png,1,SP4 Aluminium Wheel Set - Rolls-Royce Cullinan - R4 333 09/ 19 - Novitec,FALSE,active
spofec-cullinan-series-ii-r4-333-19,,,,,,,,Without Tyres,R4-333-09,0,shopify,6,deny,manual,70900.00,TRUE,TRUE,,,,,
spofec-cullinan-series-ii-r4-333-19,,,,,,,,,,,,,,,,,,https://cdn.shopify.com/s/files/1/0701/4472/0949/files/tempImagezrPmmi.jpg,2,SP4 Aluminium Wheel Set - Rolls-Royce Cullinan - R4 333 09/ 19 - Novitec,,
spofec-cullinan-series-ii-r4-333-19,,,,,,,,,,,,,,,,,,https://cdn.shopify.com/s/files/1/0701/4472/0949/files/Screenshot2026-01-20at21.50.02.png,3,SP4 Aluminium Wheel Set - Rolls-Royce Cullinan - R4 333 09/ 19 - Novitec,,
spofec-cullinan-series-ii-r4-333-15,SP3 Aluminium Wheel Set - Rolls-Royce Cullinan - R4 333 05/ 15 - Novitec,"<h4>Description</h4> <p>The <strong>SPOFEC SP3 Aluminium Wheel Set</strong> for the <strong>Rolls-Royce Cullinan Series I &amp; Series II</strong> combines contemporary multi-spoke design with commanding 24-inch proportions. Developed specifically for the Cullinan, the SP3 wheels enhance visual presence while maintaining driving comfort and stability.</p> <p>Finished in colors from the SPOFEC solid color range, the SP3 wheel set delivers a refined yet powerful aesthetic perfectly suited to the character of Rolls-Royce.</p> <h4>Compatibility</h4> <p>Rolls-Royce Cullinan <strong>Series I</strong><br>Rolls-Royce Cullinan <strong>Series II</strong></p> <h6> <strong></strong><br> </h6> <h4>Key Features</h4> <ul> <li> <p>Aluminium wheel set SP3</p> </li> <li> <p>24-inch wheel configuration</p> </li> <li> <p>Developed specifically for Rolls-Royce Cullinan</p> </li> <li> <p>Enhances luxury appearance and road presence</p> </li> <li> <p>Finished in SPOFEC solid color range</p> </li> <li> <p>Available as wheels only or complete wheel/tyre set</p> </li> </ul> <h4>Available Versions</h4> <p><strong>Without Tyres</strong></p> <ul> <li> <p>10.0J x 24""</p> </li> <li> <p>Supplied without tyres</p> </li> </ul> <p><strong>Complete Set Wheels / Tyres</strong></p> <ul> <li> <p>10.0J x 24""</p> </li> <li> <p>Ready-to-install wheel and tyre combination</p> </li> <li> <p>Finished in SPOFEC solid color range</p> </li> </ul> <h4>Technical Details</h4> <ul> <li> <p>Manufacturer: SPOFEC by Novitec</p> </li> <li> <p>Product Type: Aluminium Wheel Set</p> </li> <li> <p>Model: SP3</p> </li> <li> <p>Finish: Solid color range</p> </li> <li> <p>Quantity: Complete wheel set (front and rear)</p> </li> </ul> <h4>Installation</h4> <p>Professional installation and wheel alignment are recommended.</p> <h4>Part Numbers</h4> <p><strong>Without Tyres</strong></p> <ul> <li> <p data-start=""15",Novitec,Wheels,"brand_novitec, brand_spofec, car_rolls_royce, category_wheels, condition_new, install_available, model_cullinan, model_cullinan_series_ii, pricing_buy_now",TRUE,Variant,With Tyres,R4 333 15,0,shopify,3,deny,manual,80900.00,TRUE,TRUE,https://cdn.shopify.com/s/files/1/0701/4472/0949/files/Screenshot2026-01-20at21.48.42.png,1,SP3 Aluminium Wheel Set - Rolls-Royce Cullinan - R4 333 05/ 15 - Novitec,FALSE,active
spofec-cullinan-series-ii-r4-333-15,,,,,,,,Without Tyres,R4 333 05,0,shopify,3,deny,manual,70900.00,TRUE,TRUE,,,,,
spofec-cullinan-series-ii-r4-333-15,,,,,,,,,,,,,,,,,,https://cdn.shopify.com/s/files/1/0701/4472/0949/files/Screenshot_2026-02-20_at_21.22.51.png,2,SP3 Aluminium Wheel Set - Rolls-Royce Cullinan - R4 333 05/ 15 - Novitec,,
spofec-cullinan-series-ii-r4-333-15,,,,,,,,,,,,,,,,,,https://cdn.shopify.com/s/files/1/0701/4472/0949/files/Screenshot2026-01-20at21.49.07.png,3,SP3 Aluminium Wheel Set - Rolls-Royce Cullinan - R4 333 05/ 15 - Novitec,,
